TreatmentTemp.C,TreatmentTank,Aquarium,Chamber.num,Location,Family,ID,Fertilization.Date,Date,days.post.fert,Initial.num.indiv.calc.,num.remaining..calc.
8,T1,A1,1,Kup,K01,T1-A1-K01,6/13/17,6/13/17,0,350,350
8,T1,A1,2,Kup,K02,T1-A1-K02,6/13/17,6/13/17,0,350,350
8,T1,A1,3,Kup,K03,T1-A1-K03,6/13/17,6/13/17,0,350,350
8,T1,A1,4,Kup,K04,T1-A1-K04,6/13/17,6/13/17,0,350,350
8,T1,A2,5,Kup,K05,T1-A2-K05,6/13/17,6/13/17,0,350,350
8,T1,A2,6,Kup,K06,T1-A2-K06,6/13/17,6/13/17,0,350,350
8,T1,A2,7,Kup,K07,T1-A2-K07,6/13/17,6/13/17,0,350,350
8,T1,A2,8,Kup,K08,T1-A2-K08,6/13/17,6/13/17,0,350,350
8,T1,A3,9,Kup,K09,T1-A3-K09,6/13/17,6/13/17,0,350,350
8,T1,A3,10,Kup,K10,T1-A3-K10,6/13/17,6/13/17,0,350,350
8,T1,A3,11,Kup,K11,T1-A3-K11,6/13/17,6/13/17,0,350,350
8,T1,A3,12,Kup,K12,T1-A3-K12,6/13/17,6/13/17,0,350,350
8,T1,A4,13,Kup,K13,T1-A4-K13,6/13/17,6/13/17,0,350,350
8,T1,A4,14,Kup,K14,T1-A4-K14,6/13/17,6/13/17,0,350,350
8,T1,A4,15,Kup,K15,T1-A4-K15,6/13/17,6/13/17,0,350,350
8,T1,A4,16,Kup,K16,T1-A4-K16,6/13/17,6/13/17,0,350,350
12,T2,A1,1,Kup,K01,T2-A1-K01,6/13/17,6/13/17,0,350,350
12,T2,A1,2,Kup,K02,T2-A1-K02,6/13/17,6/13/17,0,350,350
12,T2,A1,3,Kup,K03,T2-A1-K03,6/13/17,6/13/17,0,350,350
12,T2,A1,4,Kup,K04,T2-A1-K04,6/13/17,6/13/17,0,350,350
12,T2,A2,5,Kup,K05,T2-A2-K05,6/13/17,6/13/17,0,350,350
12,T2,A2,6,Kup,K06,T2-A2-K06,6/13/17,6/13/17,0,350,350
12,T2,A2,7,Kup,K07,T2-A2-K07,6/13/17,6/13/17,0,350,350
12,T2,A2,8,Kup,K08,T2-A2-K08,6/13/17,6/13/17,0,350,350
12,T2,A3,9,Kup,K09,T2-A3-K09,6/13/17,6/13/17,0,350,350
12,T2,A3,10,Kup,K10,T2-A3-K10,6/13/17,6/13/17,0,350,350
12,T2,A3,11,Kup,K11,T2-A3-K11,6/13/17,6/13/17,0,350,350
12,T2,A3,12,Kup,K12,T2-A3-K12,6/13/17,6/13/17,0,350,350
12,T2,A4,13,Kup,K13,T2-A4-K13,6/13/17,6/13/17,0,350,350
12,T2,A4,14,Kup,K14,T2-A4-K14,6/13/17,6/13/17,0,350,350
12,T2,A4,15,Kup,K15,T2-A4-K15,6/13/17,6/13/17,0,350,350
12,T2,A4,16,Kup,K16,T2-A4-K16,6/13/17,6/13/17,0,350,350
16,T3,A1,1,Kup,K01,T3-A1-K01,6/13/17,6/13/17,0,350,350
16,T3,A1,2,Kup,K02,T3-A1-K02,6/13/17,6/13/17,0,350,350
16,T3,A1,3,Kup,K03,T3-A1-K03,6/13/17,6/13/17,0,350,350
16,T3,A1,4,Kup,K04,T3-A1-K04,6/13/17,6/13/17,0,350,350
16,T3,A2,5,Kup,K05,T3-A2-K05,6/13/17,6/13/17,0,350,350
16,T3,A2,6,Kup,K06,T3-A2-K06,6/13/17,6/13/17,0,350,350
16,T3,A2,7,Kup,K07,T3-A2-K07,6/13/17,6/13/17,0,350,350
16,T3,A2,8,Kup,K08,T3-A2-K08,6/13/17,6/13/17,0,350,350
16,T3,A3,9,Kup,K09,T3-A3-K09,6/13/17,6/13/17,0,350,350
16,T3,A3,10,Kup,K10,T3-A3-K10,6/13/17,6/13/17,0,350,350
16,T3,A3,11,Kup,K11,T3-A3-K11,6/13/17,6/13/17,0,350,350
16,T3,A3,12,Kup,K12,T3-A3-K12,6/13/17,6/13/17,0,350,350
16,T3,A4,13,Kup,K13,T3-A4-K13,6/13/17,6/13/17,0,350,350
16,T3,A4,14,Kup,K14,T3-A4-K14,6/13/17,6/13/17,0,350,350
16,T3,A4,15,Kup,K15,T3-A4-K15,6/13/17,6/13/17,0,350,350
16,T3,A4,16,Kup,K16,T3-A4-K16,6/13/17,6/13/17,0,350,350
8,T1,A1,1,Kup,K01,T1-A1-K01,6/13/17,6/14/17,1,350,348
8,T1,A1,2,Kup,K02,T1-A1-K02,6/13/17,6/14/17,1,350,347
8,T1,A1,3,Kup,K03,T1-A1-K03,6/13/17,6/14/17,1,350,349
8,T1,A1,4,Kup,K04,T1-A1-K04,6/13/17,6/14/17,1,350,350
8,T1,A2,5,Kup,K05,T1-A2-K05,6/13/17,6/14/17,1,350,347
8,T1,A2,6,Kup,K06,T1-A2-K06,6/13/17,6/14/17,1,350,350
8,T1,A2,7,Kup,K07,T1-A2-K07,6/13/17,6/14/17,1,350,350
8,T1,A2,8,Kup,K08,T1-A2-K08,6/13/17,6/14/17,1,350,350
8,T1,A3,9,Kup,K09,T1-A3-K09,6/13/17,6/14/17,1,350,350
8,T1,A3,10,Kup,K10,T1-A3-K10,6/13/17,6/14/17,1,350,350
8,T1,A3,11,Kup,K11,T1-A3-K11,6/13/17,6/14/17,1,350,349
8,T1,A3,12,Kup,K12,T1-A3-K12,6/13/17,6/14/17,1,350,350
8,T1,A4,13,Kup,K13,T1-A4-K13,6/13/17,6/14/17,1,350,350
8,T1,A4,14,Kup,K14,T1-A4-K14,6/13/17,6/14/17,1,350,349
8,T1,A4,15,Kup,K15,T1-A4-K15,6/13/17,6/14/17,1,350,350
8,T1,A4,16,Kup,K16,T1-A4-K16,6/13/17,6/14/17,1,350,343
12,T2,A1,1,Kup,K01,T2-A1-K01,6/13/17,6/14/17,1,350,348
12,T2,A1,2,Kup,K02,T2-A1-K02,6/13/17,6/14/17,1,350,347
12,T2,A1,3,Kup,K03,T2-A1-K03,6/13/17,6/14/17,1,350,350
12,T2,A1,4,Kup,K04,T2-A1-K04,6/13/17,6/14/17,1,350,347
12,T2,A2,5,Kup,K05,T2-A2-K05,6/13/17,6/14/17,1,350,335
12,T2,A2,6,Kup,K06,T2-A2-K06,6/13/17,6/14/17,1,350,349
12,T2,A2,7,Kup,K07,T2-A2-K07,6/13/17,6/14/17,1,350,349
12,T2,A2,8,Kup,K08,T2-A2-K08,6/13/17,6/14/17,1,350,349
12,T2,A3,9,Kup,K09,T2-A3-K09,6/13/17,6/14/17,1,350,350
12,T2,A3,10,Kup,K10,T2-A3-K10,6/13/17,6/14/17,1,350,345
12,T2,A3,11,Kup,K11,T2-A3-K11,6/13/17,6/14/17,1,350,349
12,T2,A3,12,Kup,K12,T2-A3-K12,6/13/17,6/14/17,1,350,350
12,T2,A4,13,Kup,K13,T2-A4-K13,6/13/17,6/14/17,1,350,350
12,T2,A4,14,Kup,K14,T2-A4-K14,6/13/17,6/14/17,1,350,350
12,T2,A4,15,Kup,K15,T2-A4-K15,6/13/17,6/14/17,1,350,349
12,T2,A4,16,Kup,K16,T2-A4-K16,6/13/17,6/14/17,1,350,345
16,T3,A1,1,Kup,K01,T3-A1-K01,6/13/17,6/14/17,1,350,349
16,T3,A1,2,Kup,K02,T3-A1-K02,6/13/17,6/14/17,1,350,350
16,T3,A1,3,Kup,K03,T3-A1-K03,6/13/17,6/14/17,1,350,350
16,T3,A1,4,Kup,K04,T3-A1-K04,6/13/17,6/14/17,1,350,350
16,T3,A2,5,Kup,K05,T3-A2-K05,6/13/17,6/14/17,1,350,341
16,T3,A2,6,Kup,K06,T3-A2-K06,6/13/17,6/14/17,1,350,347
16,T3,A2,7,Kup,K07,T3-A2-K07,6/13/17,6/14/17,1,350,346
16,T3,A2,8,Kup,K08,T3-A2-K08,6/13/17,6/14/17,1,350,348
16,T3,A3,9,Kup,K09,T3-A3-K09,6/13/17,6/14/17,1,350,339
16,T3,A3,10,Kup,K10,T3-A3-K10,6/13/17,6/14/17,1,350,343
16,T3,A3,11,Kup,K11,T3-A3-K11,6/13/17,6/14/17,1,350,343
16,T3,A3,12,Kup,K12,T3-A3-K12,6/13/17,6/14/17,1,350,346
16,T3,A4,13,Kup,K13,T3-A4-K13,6/13/17,6/14/17,1,350,347
16,T3,A4,14,Kup,K14,T3-A4-K14,6/13/17,6/14/17,1,350,347
16,T3,A4,15,Kup,K15,T3-A4-K15,6/13/17,6/14/17,1,350,350
16,T3,A4,16,Kup,K16,T3-A4-K16,6/13/17,6/14/17,1,350,346
8,T1,A1,1,Kup,K01,T1-A1-K01,6/13/17,6/15/17,2,348,348
8,T1,A1,2,Kup,K02,T1-A1-K02,6/13/17,6/15/17,2,347,346
8,T1,A1,3,Kup,K03,T1-A1-K03,6/13/17,6/15/17,2,349,349
8,T1,A1,4,Kup,K04,T1-A1-K04,6/13/17,6/15/17,2,350,349
8,T1,A2,5,Kup,K05,T1-A2-K05,6/13/17,6/15/17,2,347,346
8,T1,A2,6,Kup,K06,T1-A2-K06,6/13/17,6/15/17,2,350,349
8,T1,A2,7,Kup,K07,T1-A2-K07,6/13/17,6/15/17,2,350,350
8,T1,A2,8,Kup,K08,T1-A2-K08,6/13/17,6/15/17,2,350,349
8,T1,A3,9,Kup,K09,T1-A3-K09,6/13/17,6/15/17,2,350,350
8,T1,A3,10,Kup,K10,T1-A3-K10,6/13/17,6/15/17,2,350,349
8,T1,A3,11,Kup,K11,T1-A3-K11,6/13/17,6/15/17,2,349,348
8,T1,A3,12,Kup,K12,T1-A3-K12,6/13/17,6/15/17,2,350,349
8,T1,A4,13,Kup,K13,T1-A4-K13,6/13/17,6/15/17,2,350,350
8,T1,A4,14,Kup,K14,T1-A4-K14,6/13/17,6/15/17,2,349,349
8,T1,A4,15,Kup,K15,T1-A4-K15,6/13/17,6/15/17,2,350,350
8,T1,A4,16,Kup,K16,T1-A4-K16,6/13/17,6/15/17,2,343,343
12,T2,A1,1,Kup,K01,T2-A1-K01,6/13/17,6/15/17,2,348,347
12,T2,A1,2,Kup,K02,T2-A1-K02,6/13/17,6/15/17,2,347,347
12,T2,A1,3,Kup,K03,T2-A1-K03,6/13/17,6/15/17,2,350,350
12,T2,A1,4,Kup,K04,T2-A1-K04,6/13/17,6/15/17,2,347,347
12,T2,A2,5,Kup,K05,T2-A2-K05,6/13/17,6/15/17,2,335,334
12,T2,A2,6,Kup,K06,T2-A2-K06,6/13/17,6/15/17,2,349,314
12,T2,A2,7,Kup,K07,T2-A2-K07,6/13/17,6/15/17,2,349,348
12,T2,A2,8,Kup,K08,T2-A2-K08,6/13/17,6/15/17,2,349,349
12,T2,A3,9,Kup,K09,T2-A3-K09,6/13/17,6/15/17,2,350,349
12,T2,A3,10,Kup,K10,T2-A3-K10,6/13/17,6/15/17,2,345,342
12,T2,A3,11,Kup,K11,T2-A3-K11,6/13/17,6/15/17,2,349,349
12,T2,A3,12,Kup,K12,T2-A3-K12,6/13/17,6/15/17,2,350,350
12,T2,A4,13,Kup,K13,T2-A4-K13,6/13/17,6/15/17,2,350,349
12,T2,A4,14,Kup,K14,T2-A4-K14,6/13/17,6/15/17,2,350,349
12,T2,A4,15,Kup,K15,T2-A4-K15,6/13/17,6/15/17,2,349,348
12,T2,A4,16,Kup,K16,T2-A4-K16,6/13/17,6/15/17,2,345,341
16,T3,A1,1,Kup,K01,T3-A1-K01,6/13/17,6/15/17,2,349,341
16,T3,A1,2,Kup,K02,T3-A1-K02,6/13/17,6/15/17,2,350,315
16,T3,A1,3,Kup,K03,T3-A1-K03,6/13/17,6/15/17,2,350,348
16,T3,A1,4,Kup,K04,T3-A1-K04,6/13/17,6/15/17,2,350,349
16,T3,A2,5,Kup,K05,T3-A2-K05,6/13/17,6/15/17,2,341,336
16,T3,A2,6,Kup,K06,T3-A2-K06,6/13/17,6/15/17,2,347,157
16,T3,A2,7,Kup,K07,T3-A2-K07,6/13/17,6/15/17,2,346,342
16,T3,A2,8,Kup,K08,T3-A2-K08,6/13/17,6/15/17,2,348,342
16,T3,A3,9,Kup,K09,T3-A3-K09,6/13/17,6/15/17,2,339,322
16,T3,A3,10,Kup,K10,T3-A3-K10,6/13/17,6/15/17,2,343,323
16,T3,A3,11,Kup,K11,T3-A3-K11,6/13/17,6/15/17,2,343,337
16,T3,A3,12,Kup,K12,T3-A3-K12,6/13/17,6/15/17,2,346,329
16,T3,A4,13,Kup,K13,T3-A4-K13,6/13/17,6/15/17,2,347,326
16,T3,A4,14,Kup,K14,T3-A4-K14,6/13/17,6/15/17,2,347,346
16,T3,A4,15,Kup,K15,T3-A4-K15,6/13/17,6/15/17,2,350,347
16,T3,A4,16,Kup,K16,T3-A4-K16,6/13/17,6/15/17,2,346,344
8,T1,A1,1,Kup,K01,T1-A1-K01,6/13/17,6/16/17,3,348,348
8,T1,A1,2,Kup,K02,T1-A1-K02,6/13/17,6/16/17,3,346,344
8,T1,A1,3,Kup,K03,T1-A1-K03,6/13/17,6/16/17,3,349,349
8,T1,A1,4,Kup,K04,T1-A1-K04,6/13/17,6/16/17,3,349,349
8,T1,A2,5,Kup,K05,T1-A2-K05,6/13/17,6/16/17,3,346,345
8,T1,A2,6,Kup,K06,T1-A2-K06,6/13/17,6/16/17,3,349,343
8,T1,A2,7,Kup,K07,T1-A2-K07,6/13/17,6/16/17,3,350,350
8,T1,A2,8,Kup,K08,T1-A2-K08,6/13/17,6/16/17,3,349,349
8,T1,A3,9,Kup,K09,T1-A3-K09,6/13/17,6/16/17,3,350,349
8,T1,A3,10,Kup,K10,T1-A3-K10,6/13/17,6/16/17,3,349,349
8,T1,A3,11,Kup,K11,T1-A3-K11,6/13/17,6/16/17,3,348,348
8,T1,A3,12,Kup,K12,T1-A3-K12,6/13/17,6/16/17,3,349,349
8,T1,A4,13,Kup,K13,T1-A4-K13,6/13/17,6/16/17,3,350,350
8,T1,A4,14,Kup,K14,T1-A4-K14,6/13/17,6/16/17,3,349,349
8,T1,A4,15,Kup,K15,T1-A4-K15,6/13/17,6/16/17,3,350,350
8,T1,A4,16,Kup,K16,T1-A4-K16,6/13/17,6/16/17,3,343,342
8,T1,A1,1,Oks 3,O1,T1-A1-O1,6/14/17,6/16/17,2,350,348
8,T1,A1,2,Oks 3,O2,T1-A1-O2,6/14/17,6/16/17,2,350,346
8,T1,A1,4,Oks 3,O4,T1-A1-O4,6/14/17,6/16/17,2,350,349
12,T2,A1,1,Kup,K01,T2-A1-K01,6/13/17,6/16/17,3,347,347
12,T2,A1,2,Kup,K02,T2-A1-K02,6/13/17,6/16/17,3,347,347
12,T2,A1,3,Kup,K03,T2-A1-K03,6/13/17,6/16/17,3,350,347
12,T2,A1,4,Kup,K04,T2-A1-K04,6/13/17,6/16/17,3,347,346
12,T2,A2,5,Kup,K05,T2-A2-K05,6/13/17,6/16/17,3,334,333
12,T2,A2,6,Kup,K06,T2-A2-K06,6/13/17,6/16/17,3,314,159
12,T2,A2,7,Kup,K07,T2-A2-K07,6/13/17,6/16/17,3,348,347
12,T2,A2,8,Kup,K08,T2-A2-K08,6/13/17,6/16/17,3,349,346
12,T2,A3,9,Kup,K09,T2-A3-K09,6/13/17,6/16/17,3,349,349
12,T2,A3,10,Kup,K10,T2-A3-K10,6/13/17,6/16/17,3,342,340
12,T2,A3,11,Kup,K11,T2-A3-K11,6/13/17,6/16/17,3,349,349
12,T2,A3,12,Kup,K12,T2-A3-K12,6/13/17,6/16/17,3,349,349
12,T2,A4,13,Kup,K13,T2-A4-K13,6/13/17,6/16/17,3,349,340
12,T2,A4,14,Kup,K14,T2-A4-K14,6/13/17,6/16/17,3,349,348
12,T2,A4,15,Kup,K15,T2-A4-K15,6/13/17,6/16/17,3,348,346
12,T2,A4,16,Kup,K16,T2-A4-K16,6/13/17,6/16/17,3,341,341
12,T2,A1,1,Oks 3,O1,T2-A1-O1,6/14/17,6/16/17,2,348,340
12,T2,A1,2,Oks 3,O2,T2-A1-O2,6/14/17,6/16/17,2,346,344
12,T2,A1,4,Oks 3,O4,T2-A1-O4,6/14/17,6/16/17,2,349,349
12,T2,A2,5,Oks 3,O5,T2-A2-O5,6/14/17,6/16/17,2,74,71
12,T2,A2,6,Oks 3,O6,T2-A2-O6,6/14/17,6/16/17,2,327,327
16,T3,A1,1,Kup,K01,T3-A1-K01,6/13/17,6/16/17,3,341,298
16,T3,A1,2,Kup,K02,T3-A1-K02,6/13/17,6/16/17,3,315,295
16,T3,A1,3,Kup,K03,T3-A1-K03,6/13/17,6/16/17,3,348,341
16,T3,A1,4,Kup,K04,T3-A1-K04,6/13/17,6/16/17,3,349,348
16,T3,A2,5,Kup,K05,T3-A2-K05,6/13/17,6/16/17,3,336,335
16,T3,A2,6,Kup,K06,T3-A2-K06,6/13/17,6/16/17,3,157,107
16,T3,A2,7,Kup,K07,T3-A2-K07,6/13/17,6/16/17,3,342,340
16,T3,A2,8,Kup,K08,T3-A2-K08,6/13/17,6/16/17,3,342,334
16,T3,A3,9,Kup,K09,T3-A3-K09,6/13/17,6/16/17,3,322,314
16,T3,A3,10,Kup,K10,T3-A3-K10,6/13/17,6/16/17,3,323,179
16,T3,A3,11,Kup,K11,T3-A3-K11,6/13/17,6/16/17,3,337,334
16,T3,A3,12,Kup,K12,T3-A3-K12,6/13/17,6/16/17,3,329,306
16,T3,A4,13,Kup,K13,T3-A4-K13,6/13/17,6/16/17,3,326,275
16,T3,A4,14,Kup,K14,T3-A4-K14,6/13/17,6/16/17,3,346,343
16,T3,A4,15,Kup,K15,T3-A4-K15,6/13/17,6/16/17,3,347,339
16,T3,A4,16,Kup,K16,T3-A4-K16,6/13/17,6/16/17,3,344,343
16,T3,A1,1,Oks 3,O1,T3-A1-O1,6/14/17,6/16/17,2,340,334
16,T3,A1,2,Oks 3,O2,T3-A1-O2,6/14/17,6/16/17,2,344,344
16,T3,A1,4,Oks 3,O4,T3-A1-O4,6/14/17,6/16/17,2,349,346
16,T3,A2,6,Oks 3,O6,T3-A2-O6,6/14/17,6/16/17,2,290,290
8,T1,A1,1,Kup,K01,T1-A1-K01,6/13/17,6/17/17,4,348,346
8,T1,A1,2,Kup,K02,T1-A1-K02,6/13/17,6/17/17,4,344,343
8,T1,A1,3,Kup,K03,T1-A1-K03,6/13/17,6/17/17,4,349,347
8,T1,A1,4,Kup,K04,T1-A1-K04,6/13/17,6/17/17,4,349,349
8,T1,A2,5,Kup,K05,T1-A2-K05,6/13/17,6/17/17,4,345,345
8,T1,A2,6,Kup,K06,T1-A2-K06,6/13/17,6/17/17,4,343,229
8,T1,A2,7,Kup,K07,T1-A2-K07,6/13/17,6/17/17,4,350,349
8,T1,A2,8,Kup,K08,T1-A2-K08,6/13/17,6/17/17,4,349,349
8,T1,A3,9,Kup,K09,T1-A3-K09,6/13/17,6/17/17,4,349,349
8,T1,A3,10,Kup,K10,T1-A3-K10,6/13/17,6/17/17,4,349,345
8,T1,A3,11,Kup,K11,T1-A3-K11,6/13/17,6/17/17,4,348,346
8,T1,A3,12,Kup,K12,T1-A3-K12,6/13/17,6/17/17,4,349,349
8,T1,A4,13,Kup,K13,T1-A4-K13,6/13/17,6/17/17,4,350,347
8,T1,A4,14,Kup,K14,T1-A4-K14,6/13/17,6/17/17,4,349,349
8,T1,A4,15,Kup,K15,T1-A4-K15,6/13/17,6/17/17,4,350,350
8,T1,A4,16,Kup,K16,T1-A4-K16,6/13/17,6/17/17,4,342,342
8,T1,A1,1,Oks 3,O1,T1-A1-O1,6/14/17,6/17/17,3,348,348
8,T1,A1,2,Oks 3,O2,T1-A1-O2,6/14/17,6/17/17,3,346,346
8,T1,A1,4,Oks 3,O4,T1-A1-O4,6/14/17,6/17/17,3,349,349
8,T1,A2,5,Oks 3,O5,T1-A2-O5,6/14/17,6/17/17,3,97,96
8,T1,A2,6,Oks 3,O6,T1-A2-O6,6/14/17,6/17/17,3,254,254
12,T2,A1,1,Kup,K01,T2-A1-K01,6/13/17,6/17/17,4,347,346
12,T2,A1,2,Kup,K02,T2-A1-K02,6/13/17,6/17/17,4,347,344
12,T2,A1,3,Kup,K03,T2-A1-K03,6/13/17,6/17/17,4,347,346
12,T2,A1,4,Kup,K04,T2-A1-K04,6/13/17,6/17/17,4,346,344
12,T2,A2,5,Kup,K05,T2-A2-K05,6/13/17,6/17/17,4,333,323
12,T2,A2,6,Kup,K06,T2-A2-K06,6/13/17,6/17/17,4,159,139
12,T2,A2,7,Kup,K07,T2-A2-K07,6/13/17,6/17/17,4,347,346
12,T2,A2,8,Kup,K08,T2-A2-K08,6/13/17,6/17/17,4,346,344
12,T2,A3,9,Kup,K09,T2-A3-K09,6/13/17,6/17/17,4,349,348
12,T2,A3,10,Kup,K10,T2-A3-K10,6/13/17,6/17/17,4,340,339
12,T2,A3,11,Kup,K11,T2-A3-K11,6/13/17,6/17/17,4,349,347
12,T2,A3,12,Kup,K12,T2-A3-K12,6/13/17,6/17/17,4,349,348
12,T2,A4,13,Kup,K13,T2-A4-K13,6/13/17,6/17/17,4,340,335
12,T2,A4,14,Kup,K14,T2-A4-K14,6/13/17,6/17/17,4,348,348
12,T2,A4,15,Kup,K15,T2-A4-K15,6/13/17,6/17/17,4,346,345
12,T2,A4,16,Kup,K16,T2-A4-K16,6/13/17,6/17/17,4,341,341
12,T2,A1,1,Oks 3,O1,T2-A1-O1,6/14/17,6/17/17,3,340,338
12,T2,A1,2,Oks 3,O2,T2-A1-O2,6/14/17,6/17/17,3,344,343
12,T2,A1,4,Oks 3,O4,T2-A1-O4,6/14/17,6/17/17,3,349,346
12,T2,A2,5,Oks 3,O5,T2-A2-O5,6/14/17,6/17/17,3,71,70
12,T2,A2,6,Oks 3,O6,T2-A2-O6,6/14/17,6/17/17,3,327,327
16,T3,A1,1,Kup,K01,T3-A1-K01,6/13/17,6/17/17,4,298,246
16,T3,A1,2,Kup,K02,T3-A1-K02,6/13/17,6/17/17,4,295,282
16,T3,A1,3,Kup,K03,T3-A1-K03,6/13/17,6/17/17,4,341,338
16,T3,A1,4,Kup,K04,T3-A1-K04,6/13/17,6/17/17,4,348,342
16,T3,A2,5,Kup,K05,T3-A2-K05,6/13/17,6/17/17,4,335,332
16,T3,A2,6,Kup,K06,T3-A2-K06,6/13/17,6/17/17,4,107,73
16,T3,A2,7,Kup,K07,T3-A2-K07,6/13/17,6/17/17,4,340,334
16,T3,A2,8,Kup,K08,T3-A2-K08,6/13/17,6/17/17,4,334,330
16,T3,A3,9,Kup,K09,T3-A3-K09,6/13/17,6/17/17,4,314,312
16,T3,A3,10,Kup,K10,T3-A3-K10,6/13/17,6/17/17,4,179,104
16,T3,A3,11,Kup,K11,T3-A3-K11,6/13/17,6/17/17,4,334,332
16,T3,A3,12,Kup,K12,T3-A3-K12,6/13/17,6/17/17,4,306,304
16,T3,A4,13,Kup,K13,T3-A4-K13,6/13/17,6/17/17,4,275,266
16,T3,A4,14,Kup,K14,T3-A4-K14,6/13/17,6/17/17,4,343,335
16,T3,A4,15,Kup,K15,T3-A4-K15,6/13/17,6/17/17,4,339,325
16,T3,A4,16,Kup,K16,T3-A4-K16,6/13/17,6/17/17,4,343,326
16,T3,A1,1,Oks 3,O1,T3-A1-O1,6/14/17,6/17/17,3,334,321
16,T3,A1,2,Oks 3,O2,T3-A1-O2,6/14/17,6/17/17,3,344,330
16,T3,A1,4,Oks 3,O4,T3-A1-O4,6/14/17,6/17/17,3,346,284
16,T3,A2,6,Oks 3,O6,T3-A2-O6,6/14/17,6/17/17,3,290,290
8,T1,A1,1,Oks 3,O1,T1-A1-O1,6/14/17,6/18/17,4,348,346
8,T1,A1,2,Oks 3,O2,T1-A1-O2,6/14/17,6/18/17,4,346,344
8,T1,A1,4,Oks 3,O4,T1-A1-O4,6/14/17,6/18/17,4,349,347
8,T1,A2,5,Oks 3,O5,T1-A2-O5,6/14/17,6/18/17,4,96,96
8,T1,A2,6,Oks 3,O6,T1-A2-O6,6/14/17,6/18/17,4,254,254
12,T2,A1,1,Oks 3,O1,T2-A1-O1,6/14/17,6/18/17,4,338,333
12,T2,A1,2,Oks 3,O2,T2-A1-O2,6/14/17,6/18/17,4,343,335
12,T2,A1,4,Oks 3,O4,T2-A1-O4,6/14/17,6/18/17,4,346,285
12,T2,A2,5,Oks 3,O5,T2-A2-O5,6/14/17,6/18/17,4,70,70
12,T2,A2,6,Oks 3,O6,T2-A2-O6,6/14/17,6/18/17,4,327,327
16,T3,A1,1,Oks 3,O1,T3-A1-O1,6/14/17,6/18/17,4,321,307
16,T3,A1,2,Oks 3,O2,T3-A1-O2,6/14/17,6/18/17,4,330,317
16,T3,A1,4,Oks 3,O4,T3-A1-O4,6/14/17,6/18/17,4,284,225
16,T3,A2,6,Oks 3,O6,T3-A2-O6,6/14/17,6/18/17,4,290,287
8,T1,A1,1,Kup,K01,T1-A1-K01,6/13/17,6/23/17,10,334,322
8,T1,A1,2,Kup,K02,T1-A1-K02,6/13/17,6/23/17,10,328,318
8,T1,A1,3,Kup,K03,T1-A1-K03,6/13/17,6/23/17,10,340,330
8,T1,A1,4,Kup,K04,T1-A1-K04,6/13/17,6/23/17,10,334,323
8,T1,A2,5,Kup,K05,T1-A2-K05,6/13/17,6/23/17,10,337,331
8,T1,A2,6,Kup,K06,T1-A2-K06,6/13/17,6/23/17,10,66,57
8,T1,A2,7,Kup,K07,T1-A2-K07,6/13/17,6/23/17,10,341,331
8,T1,A2,8,Kup,K08,T1-A2-K08,6/13/17,6/23/17,10,342,332
8,T1,A3,9,Kup,K09,T1-A3-K09,6/13/17,6/23/17,10,342,331
8,T1,A3,10,Kup,K10,T1-A3-K10,6/13/17,6/23/17,10,328,318
8,T1,A3,11,Kup,K11,T1-A3-K11,6/13/17,6/23/17,10,337,326
8,T1,A3,12,Kup,K12,T1-A3-K12,6/13/17,6/23/17,10,332,321
8,T1,A4,13,Kup,K13,T1-A4-K13,6/13/17,6/23/17,10,329,319
8,T1,A4,14,Kup,K14,T1-A4-K14,6/13/17,6/23/17,10,334,323
8,T1,A4,15,Kup,K15,T1-A4-K15,6/13/17,6/23/17,10,345,335
8,T1,A4,16,Kup,K16,T1-A4-K16,6/13/17,6/23/17,10,336,326
12,T2,A1,1,Kup,K01,T2-A1-K01,6/13/17,6/23/17,10,329,317
12,T2,A1,2,Kup,K02,T2-A1-K02,6/13/17,6/23/17,10,322,306
12,T2,A1,3,Kup,K03,T2-A1-K03,6/13/17,6/23/17,10,335,325
12,T2,A1,4,Kup,K04,T2-A1-K04,6/13/17,6/23/17,10,319,308
12,T2,A2,5,Kup,K05,T2-A2-K05,6/13/17,6/23/17,10,306,296
12,T2,A2,6,Kup,K06,T2-A2-K06,6/13/17,6/23/17,10,109,101
12,T2,A2,7,Kup,K07,T2-A2-K07,6/13/17,6/23/17,10,335,325
12,T2,A2,8,Kup,K08,T2-A2-K08,6/13/17,6/23/17,10,335,325
12,T2,A3,9,Kup,K09,T2-A3-K09,6/13/17,6/23/17,10,340,330
12,T2,A3,10,Kup,K10,T2-A3-K10,6/13/17,6/23/17,10,320,309
12,T2,A3,11,Kup,K11,T2-A3-K11,6/13/17,6/23/17,10,335,324
12,T2,A3,12,Kup,K12,T2-A3-K12,6/13/17,6/23/17,10,341,331
12,T2,A4,13,Kup,K13,T2-A4-K13,6/13/17,6/23/17,10,317,299
12,T2,A4,14,Kup,K14,T2-A4-K14,6/13/17,6/23/17,10,338,327
12,T2,A4,15,Kup,K15,T2-A4-K15,6/13/17,6/23/17,10,333,322
12,T2,A4,16,Kup,K16,T2-A4-K16,6/13/17,6/23/17,10,314,300
16,T3,A1,1,Kup,K01,T3-A1-K01,6/13/17,6/23/17,10,164,123
16,T3,A1,2,Kup,K02,T3-A1-K02,6/13/17,6/23/17,10,237,220
16,T3,A1,3,Kup,K03,T3-A1-K03,6/13/17,6/23/17,10,320,253
16,T3,A1,4,Kup,K04,T3-A1-K04,6/13/17,6/23/17,10,252,243
16,T3,A2,5,Kup,K05,T3-A2-K05,6/13/17,6/23/17,10,258,246
16,T3,A2,6,Kup,K06,T3-A2-K06,6/13/17,6/23/17,10,37,31
16,T3,A2,7,Kup,K07,T3-A2-K07,6/13/17,6/23/17,10,292,279
16,T3,A2,8,Kup,K08,T3-A2-K08,6/13/17,6/23/17,10,281,262
16,T3,A3,9,Kup,K09,T3-A3-K09,6/13/17,6/23/17,10,288,204
16,T3,A3,10,Kup,K10,T3-A3-K10,6/13/17,6/23/17,10,37,13
16,T3,A3,11,Kup,K11,T3-A3-K11,6/13/17,6/23/17,10,296,172
16,T3,A3,12,Kup,K12,T3-A3-K12,6/13/17,6/23/17,10,270,-5
16,T3,A4,13,Kup,K13,T3-A4-K13,6/13/17,6/23/17,10,210,-13
16,T3,A4,14,Kup,K14,T3-A4-K14,6/13/17,6/23/17,10,269,8
16,T3,A4,15,Kup,K15,T3-A4-K15,6/13/17,6/23/17,10,253,98
16,T3,A4,16,Kup,K16,T3-A4-K16,6/13/17,6/23/17,10,284,91
8,T1,A1,1,Kup,K01,T1-A1-K01,6/13/17,6/25/17,12,322,320
8,T1,A1,2,Kup,K02,T1-A1-K02,6/13/17,6/25/17,12,318,316
8,T1,A1,3,Kup,K03,T1-A1-K03,6/13/17,6/25/17,12,330,329
8,T1,A1,4,Kup,K04,T1-A1-K04,6/13/17,6/25/17,12,323,321
8,T1,A2,5,Kup,K05,T1-A2-K05,6/13/17,6/25/17,12,331,326
8,T1,A2,6,Kup,K06,T1-A2-K06,6/13/17,6/25/17,12,57,57
8,T1,A2,7,Kup,K07,T1-A2-K07,6/13/17,6/25/17,12,331,329
8,T1,A2,8,Kup,K08,T1-A2-K08,6/13/17,6/25/17,12,332,332
8,T1,A3,9,Kup,K09,T1-A3-K09,6/13/17,6/25/17,12,331,331
8,T1,A3,10,Kup,K10,T1-A3-K10,6/13/17,6/25/17,12,318,315
8,T1,A3,11,Kup,K11,T1-A3-K11,6/13/17,6/25/17,12,326,325
8,T1,A3,12,Kup,K12,T1-A3-K12,6/13/17,6/25/17,12,321,321
8,T1,A4,13,Kup,K13,T1-A4-K13,6/13/17,6/25/17,12,319,319
8,T1,A4,14,Kup,K14,T1-A4-K14,6/13/17,6/25/17,12,323,319
8,T1,A4,15,Kup,K15,T1-A4-K15,6/13/17,6/25/17,12,335,335
8,T1,A4,16,Kup,K16,T1-A4-K16,6/13/17,6/25/17,12,326,326
8,T1,A1,1,Oks 3,O1,T1-A1-O1,6/14/17,6/25/17,11,306,294
8,T1,A1,2,Oks 3,O2,T1-A1-O2,6/14/17,6/25/17,11,289,278
8,T1,A1,4,Oks 3,O4,T1-A1-O4,6/14/17,6/25/17,11,236,228
8,T1,A2,5,Oks 3,O5,T1-A2-O5,6/14/17,6/25/17,11,91,88
8,T1,A2,6,Oks 3,O6,T1-A2-O6,6/14/17,6/25/17,11,235,235
12,T2,A1,1,Kup,K01,T2-A1-K01,6/13/17,6/25/17,12,317,243
12,T2,A1,2,Kup,K02,T2-A1-K02,6/13/17,6/25/17,12,306,278
12,T2,A1,3,Kup,K03,T2-A1-K03,6/13/17,6/25/17,12,325,311
12,T2,A1,4,Kup,K04,T2-A1-K04,6/13/17,6/25/17,12,308,298
12,T2,A2,5,Kup,K05,T2-A2-K05,6/13/17,6/25/17,12,296,264
12,T2,A2,6,Kup,K06,T2-A2-K06,6/13/17,6/25/17,12,101,77
12,T2,A2,7,Kup,K07,T2-A2-K07,6/13/17,6/25/17,12,325,321
12,T2,A2,8,Kup,K08,T2-A2-K08,6/13/17,6/25/17,12,325,317
12,T2,A3,9,Kup,K09,T2-A3-K09,6/13/17,6/25/17,12,330,316
12,T2,A3,10,Kup,K10,T2-A3-K10,6/13/17,6/25/17,12,309,300
12,T2,A3,11,Kup,K11,T2-A3-K11,6/13/17,6/25/17,12,324,320
12,T2,A3,12,Kup,K12,T2-A3-K12,6/13/17,6/25/17,12,331,330
12,T2,A4,13,Kup,K13,T2-A4-K13,6/13/17,6/25/17,12,299,285
12,T2,A4,14,Kup,K14,T2-A4-K14,6/13/17,6/25/17,12,327,322
12,T2,A4,15,Kup,K15,T2-A4-K15,6/13/17,6/25/17,12,322,305
12,T2,A4,16,Kup,K16,T2-A4-K16,6/13/17,6/25/17,12,300,283
12,T2,A1,1,Oks 3,O1,T2-A1-O1,6/14/17,6/25/17,11,307,303
12,T2,A1,2,Oks 3,O2,T2-A1-O2,6/14/17,6/25/17,11,304,302
12,T2,A1,4,Oks 3,O4,T2-A1-O4,6/14/17,6/25/17,11,248,243
12,T2,A2,5,Oks 3,O5,T2-A2-O5,6/14/17,6/25/17,11,61,60
12,T2,A2,6,Oks 3,O6,T2-A2-O6,6/14/17,6/25/17,11,312,311
16,T3,A1,1,Kup,K01,T3-A1-K01,6/13/17,6/25/17,12,123,0
16,T3,A1,2,Kup,K02,T3-A1-K02,6/13/17,6/25/17,12,220,39
16,T3,A1,3,Kup,K03,T3-A1-K03,6/13/17,6/25/17,12,253,39
16,T3,A1,4,Kup,K04,T3-A1-K04,6/13/17,6/25/17,12,243,207
16,T3,A2,5,Kup,K05,T3-A2-K05,6/13/17,6/25/17,12,246,227
16,T3,A2,6,Kup,K06,T3-A2-K06,6/13/17,6/25/17,12,31,24
16,T3,A2,7,Kup,K07,T3-A2-K07,6/13/17,6/25/17,12,279,255
16,T3,A2,8,Kup,K08,T3-A2-K08,6/13/17,6/25/17,12,262,110
16,T3,A3,9,Kup,K09,T3-A3-K09,6/13/17,6/25/17,12,204,17
16,T3,A3,11,Kup,K11,T3-A3-K11,6/13/17,6/25/17,12,172,35
16,T3,A4,14,Kup,K14,T3-A4-K14,6/13/17,6/25/17,12,8,8
16,T3,A4,15,Kup,K15,T3-A4-K15,6/13/17,6/25/17,12,98,34
16,T3,A4,16,Kup,K16,T3-A4-K16,6/13/17,6/25/17,12,91,45
16,T3,A1,1,Oks 3,O1,T3-A1-O1,6/14/17,6/25/17,11,269,55
16,T3,A1,2,Oks 3,O2,T3-A1-O2,6/14/17,6/25/17,11,275,238
16,T3,A1,4,Oks 3,O4,T3-A1-O4,6/14/17,6/25/17,11,139,6
16,T3,A2,6,Oks 3,O6,T3-A2-O6,6/14/17,6/25/17,11,113,101
8,T1,A1,1,Kup,K01,T1-A1-K01,6/13/17,6/26/17,13,320,320
8,T1,A1,2,Kup,K02,T1-A1-K02,6/13/17,6/26/17,13,316,316
8,T1,A1,3,Kup,K03,T1-A1-K03,6/13/17,6/26/17,13,329,329
8,T1,A1,4,Kup,K04,T1-A1-K04,6/13/17,6/26/17,13,321,321
8,T1,A2,5,Kup,K05,T1-A2-K05,6/13/17,6/26/17,13,326,322
8,T1,A2,6,Kup,K06,T1-A2-K06,6/13/17,6/26/17,13,57,57
8,T1,A2,7,Kup,K07,T1-A2-K07,6/13/17,6/26/17,13,329,327
8,T1,A2,8,Kup,K08,T1-A2-K08,6/13/17,6/26/17,13,332,331
8,T1,A3,9,Kup,K09,T1-A3-K09,6/13/17,6/26/17,13,331,330
8,T1,A3,10,Kup,K10,T1-A3-K10,6/13/17,6/26/17,13,315,314
8,T1,A3,11,Kup,K11,T1-A3-K11,6/13/17,6/26/17,13,325,323
8,T1,A3,12,Kup,K12,T1-A3-K12,6/13/17,6/26/17,13,321,321
8,T1,A4,13,Kup,K13,T1-A4-K13,6/13/17,6/26/17,13,319,319
8,T1,A4,14,Kup,K14,T1-A4-K14,6/13/17,6/26/17,13,319,319
8,T1,A4,15,Kup,K15,T1-A4-K15,6/13/17,6/26/17,13,335,334
8,T1,A4,16,Kup,K16,T1-A4-K16,6/13/17,6/26/17,13,326,326
8,T1,A1,1,Oks 3,O1,T1-A1-O1,6/14/17,6/26/17,12,294,291
8,T1,A1,2,Oks 3,O2,T1-A1-O2,6/14/17,6/26/17,12,278,274
8,T1,A1,4,Oks 3,O4,T1-A1-O4,6/14/17,6/26/17,12,228,224
8,T1,A2,5,Oks 3,O5,T1-A2-O5,6/14/17,6/26/17,12,88,87
8,T1,A2,6,Oks 3,O6,T1-A2-O6,6/14/17,6/26/17,12,235,234
12,T2,A1,1,Kup,K01,T2-A1-K01,6/13/17,6/26/17,13,243,208
12,T2,A1,2,Kup,K02,T2-A1-K02,6/13/17,6/26/17,13,278,271
12,T2,A1,3,Kup,K03,T2-A1-K03,6/13/17,6/26/17,13,311,311
12,T2,A1,4,Kup,K04,T2-A1-K04,6/13/17,6/26/17,13,298,269
12,T2,A2,5,Kup,K05,T2-A2-K05,6/13/17,6/26/17,13,264,216
12,T2,A2,6,Kup,K06,T2-A2-K06,6/13/17,6/26/17,13,77,72
12,T2,A2,7,Kup,K07,T2-A2-K07,6/13/17,6/26/17,13,321,289
12,T2,A2,8,Kup,K08,T2-A2-K08,6/13/17,6/26/17,13,317,296
12,T2,A3,9,Kup,K09,T2-A3-K09,6/13/17,6/26/17,13,316,301
12,T2,A3,10,Kup,K10,T2-A3-K10,6/13/17,6/26/17,13,300,276
12,T2,A3,11,Kup,K11,T2-A3-K11,6/13/17,6/26/17,13,320,310
12,T2,A3,12,Kup,K12,T2-A3-K12,6/13/17,6/26/17,13,330,330
12,T2,A4,13,Kup,K13,T2-A4-K13,6/13/17,6/26/17,13,285,273
12,T2,A4,14,Kup,K14,T2-A4-K14,6/13/17,6/26/17,13,322,312
12,T2,A4,15,Kup,K15,T2-A4-K15,6/13/17,6/26/17,13,305,289
12,T2,A4,16,Kup,K16,T2-A4-K16,6/13/17,6/26/17,13,283,271
12,T2,A1,1,Oks 3,O1,T2-A1-O1,6/14/17,6/26/17,12,303,281
12,T2,A1,2,Oks 3,O2,T2-A1-O2,6/14/17,6/26/17,12,302,269
12,T2,A1,4,Oks 3,O4,T2-A1-O4,6/14/17,6/26/17,12,243,194
12,T2,A2,5,Oks 3,O5,T2-A2-O5,6/14/17,6/26/17,12,60,58
12,T2,A2,6,Oks 3,O6,T2-A2-O6,6/14/17,6/26/17,12,311,309
16,T3,A1,2,Kup,K02,T3-A1-K02,6/13/17,6/26/17,13,39,39
16,T3,A1,4,Kup,K04,T3-A1-K04,6/13/17,6/26/17,13,207,205
16,T3,A2,5,Kup,K05,T3-A2-K05,6/13/17,6/26/17,13,227,227
16,T3,A2,7,Kup,K07,T3-A2-K07,6/13/17,6/26/17,13,255,253
16,T3,A2,8,Kup,K08,T3-A2-K08,6/13/17,6/26/17,13,110,108
16,T3,A4,16,Kup,K16,T3-A4-K16,6/13/17,6/26/17,13,45,44
16,T3,A1,1,Oks 3,O1,T3-A1-O1,6/14/17,6/26/17,12,55,38
16,T3,A1,2,Oks 3,O2,T3-A1-O2,6/14/17,6/26/17,12,238,227
16,T3,A2,6,Oks 3,O6,T3-A2-O6,6/14/17,6/26/17,12,101,95
8,T1,A1,1,Kup,K01,T1-A1-K01,6/13/17,6/27/17,14,320,318
8,T1,A1,2,Kup,K02,T1-A1-K02,6/13/17,6/27/17,14,316,313
8,T1,A1,3,Kup,K03,T1-A1-K03,6/13/17,6/27/17,14,329,329
8,T1,A1,4,Kup,K04,T1-A1-K04,6/13/17,6/27/17,14,321,321
8,T1,A2,5,Kup,K05,T1-A2-K05,6/13/17,6/27/17,14,322,319
8,T1,A2,6,Kup,K06,T1-A2-K06,6/13/17,6/27/17,14,57,51
8,T1,A2,7,Kup,K07,T1-A2-K07,6/13/17,6/27/17,14,327,327
8,T1,A2,8,Kup,K08,T1-A2-K08,6/13/17,6/27/17,14,331,330
8,T1,A3,9,Kup,K09,T1-A3-K09,6/13/17,6/27/17,14,330,330
8,T1,A3,10,Kup,K10,T1-A3-K10,6/13/17,6/27/17,14,314,314
8,T1,A3,11,Kup,K11,T1-A3-K11,6/13/17,6/27/17,14,323,323
8,T1,A3,12,Kup,K12,T1-A3-K12,6/13/17,6/27/17,14,321,321
8,T1,A4,13,Kup,K13,T1-A4-K13,6/13/17,6/27/17,14,319,317
8,T1,A4,14,Kup,K14,T1-A4-K14,6/13/17,6/27/17,14,319,319
8,T1,A4,15,Kup,K15,T1-A4-K15,6/13/17,6/27/17,14,334,333
8,T1,A4,16,Kup,K16,T1-A4-K16,6/13/17,6/27/17,14,326,326
8,T1,A1,1,Oks 3,O1,T1-A1-O1,6/14/17,6/27/17,13,291,289
8,T1,A1,2,Oks 3,O2,T1-A1-O2,6/14/17,6/27/17,13,274,271
8,T1,A1,4,Oks 3,O4,T1-A1-O4,6/14/17,6/27/17,13,224,222
8,T1,A2,5,Oks 3,O5,T1-A2-O5,6/14/17,6/27/17,13,87,84
8,T1,A2,6,Oks 3,O6,T1-A2-O6,6/14/17,6/27/17,13,234,234
12,T2,A1,1,Kup,K01,T2-A1-K01,6/13/17,6/27/17,14,208,198
12,T2,A1,2,Kup,K02,T2-A1-K02,6/13/17,6/27/17,14,271,267
12,T2,A1,3,Kup,K03,T2-A1-K03,6/13/17,6/27/17,14,311,305
12,T2,A1,4,Kup,K04,T2-A1-K04,6/13/17,6/27/17,14,269,261
12,T2,A2,5,Kup,K05,T2-A2-K05,6/13/17,6/27/17,14,216,214
12,T2,A2,6,Kup,K06,T2-A2-K06,6/13/17,6/27/17,14,72,55
12,T2,A2,7,Kup,K07,T2-A2-K07,6/13/17,6/27/17,14,289,287
12,T2,A2,8,Kup,K08,T2-A2-K08,6/13/17,6/27/17,14,296,295
12,T2,A3,9,Kup,K09,T2-A3-K09,6/13/17,6/27/17,14,301,299
12,T2,A3,10,Kup,K10,T2-A3-K10,6/13/17,6/27/17,14,276,256
12,T2,A3,11,Kup,K11,T2-A3-K11,6/13/17,6/27/17,14,310,307
12,T2,A3,12,Kup,K12,T2-A3-K12,6/13/17,6/27/17,14,330,319
12,T2,A4,13,Kup,K13,T2-A4-K13,6/13/17,6/27/17,14,273,271
12,T2,A4,14,Kup,K14,T2-A4-K14,6/13/17,6/27/17,14,312,311
12,T2,A4,15,Kup,K15,T2-A4-K15,6/13/17,6/27/17,14,289,286
12,T2,A4,16,Kup,K16,T2-A4-K16,6/13/17,6/27/17,14,271,266
12,T2,A1,1,Oks 3,O1,T2-A1-O1,6/14/17,6/27/17,13,281,264
12,T2,A1,2,Oks 3,O2,T2-A1-O2,6/14/17,6/27/17,13,269,267
12,T2,A1,4,Oks 3,O4,T2-A1-O4,6/14/17,6/27/17,13,194,169
12,T2,A2,5,Oks 3,O5,T2-A2-O5,6/14/17,6/27/17,13,58,54
12,T2,A2,6,Oks 3,O6,T2-A2-O6,6/14/17,6/27/17,13,309,303
16,T3,A1,2,Kup,K02,T3-A1-K02,6/13/17,6/27/17,14,39,38
16,T3,A1,4,Kup,K04,T3-A1-K04,6/13/17,6/27/17,14,205,203
16,T3,A2,5,Kup,K05,T3-A2-K05,6/13/17,6/27/17,14,227,227
16,T3,A2,7,Kup,K07,T3-A2-K07,6/13/17,6/27/17,14,253,252
16,T3,A2,8,Kup,K08,T3-A2-K08,6/13/17,6/27/17,14,108,107
16,T3,A4,16,Kup,K16,T3-A4-K16,6/13/17,6/27/17,14,44,44
16,T3,A1,1,Oks 3,O1,T3-A1-O1,6/14/17,6/27/17,13,38,37
16,T3,A1,2,Oks 3,O2,T3-A1-O2,6/14/17,6/27/17,13,227,224
16,T3,A2,6,Oks 3,O6,T3-A2-O6,6/14/17,6/27/17,13,95,95
8,T1,A1,1,Kup,K01,T1-A1-K01,6/13/17,6/28/17,15,318,297
8,T1,A1,2,Kup,K02,T1-A1-K02,6/13/17,6/28/17,15,313,300
8,T1,A1,3,Kup,K03,T1-A1-K03,6/13/17,6/28/17,15,329,319
8,T1,A1,4,Kup,K04,T1-A1-K04,6/13/17,6/28/17,15,321,311
8,T1,A2,5,Kup,K05,T1-A2-K05,6/13/17,6/28/17,15,319,308
8,T1,A2,6,Kup,K06,T1-A2-K06,6/13/17,6/28/17,15,51,46
8,T1,A2,7,Kup,K07,T1-A2-K07,6/13/17,6/28/17,15,327,317
8,T1,A2,8,Kup,K08,T1-A2-K08,6/13/17,6/28/17,15,330,320
8,T1,A3,9,Kup,K09,T1-A3-K09,6/13/17,6/28/17,15,330,319
8,T1,A3,10,Kup,K10,T1-A3-K10,6/13/17,6/28/17,15,314,304
8,T1,A3,11,Kup,K11,T1-A3-K11,6/13/17,6/28/17,15,323,313
8,T1,A3,12,Kup,K12,T1-A3-K12,6/13/17,6/28/17,15,321,312
8,T1,A4,13,Kup,K13,T1-A4-K13,6/13/17,6/28/17,15,317,306
8,T1,A4,14,Kup,K14,T1-A4-K14,6/13/17,6/28/17,15,319,309
8,T1,A4,15,Kup,K15,T1-A4-K15,6/13/17,6/28/17,15,333,323
8,T1,A4,16,Kup,K16,T1-A4-K16,6/13/17,6/28/17,15,326,316
8,T1,A1,1,Oks 3,O1,T1-A1-O1,6/14/17,6/28/17,14,289,289
8,T1,A1,2,Oks 3,O2,T1-A1-O2,6/14/17,6/28/17,14,271,270
8,T1,A1,4,Oks 3,O4,T1-A1-O4,6/14/17,6/28/17,14,222,220
8,T1,A2,5,Oks 3,O5,T1-A2-O5,6/14/17,6/28/17,14,84,79
8,T1,A2,6,Oks 3,O6,T1-A2-O6,6/14/17,6/28/17,14,234,224
12,T2,A1,1,Kup,K01,T2-A1-K01,6/13/17,6/28/17,15,198,186
12,T2,A1,2,Kup,K02,T2-A1-K02,6/13/17,6/28/17,15,267,244
12,T2,A1,3,Kup,K03,T2-A1-K03,6/13/17,6/28/17,15,305,293
12,T2,A1,4,Kup,K04,T2-A1-K04,6/13/17,6/28/17,15,261,251
12,T2,A2,5,Kup,K05,T2-A2-K05,6/13/17,6/28/17,15,214,200
12,T2,A2,6,Kup,K06,T2-A2-K06,6/13/17,6/28/17,15,55,55
12,T2,A2,7,Kup,K07,T2-A2-K07,6/13/17,6/28/17,15,287,271
12,T2,A2,8,Kup,K08,T2-A2-K08,6/13/17,6/28/17,15,295,285
12,T2,A3,9,Kup,K09,T2-A3-K09,6/13/17,6/28/17,15,299,289
12,T2,A3,10,Kup,K10,T2-A3-K10,6/13/17,6/28/17,15,256,243
12,T2,A3,11,Kup,K11,T2-A3-K11,6/13/17,6/28/17,15,307,297
12,T2,A3,12,Kup,K12,T2-A3-K12,6/13/17,6/28/17,15,319,308
12,T2,A4,13,Kup,K13,T2-A4-K13,6/13/17,6/28/17,15,271,257
12,T2,A4,14,Kup,K14,T2-A4-K14,6/13/17,6/28/17,15,311,297
12,T2,A4,15,Kup,K15,T2-A4-K15,6/13/17,6/28/17,15,286,275
12,T2,A4,16,Kup,K16,T2-A4-K16,6/13/17,6/28/17,15,266,256
12,T2,A1,1,Oks 3,O1,T2-A1-O1,6/14/17,6/28/17,14,264,250
12,T2,A1,2,Oks 3,O2,T2-A1-O2,6/14/17,6/28/17,14,267,257
12,T2,A1,4,Oks 3,O4,T2-A1-O4,6/14/17,6/28/17,14,169,157
12,T2,A2,5,Oks 3,O5,T2-A2-O5,6/14/17,6/28/17,14,54,4
12,T2,A2,6,Oks 3,O6,T2-A2-O6,6/14/17,6/28/17,14,303,132
16,T3,A1,2,Kup,K02,T3-A1-K02,6/13/17,6/28/17,15,38,37
16,T3,A1,4,Kup,K04,T3-A1-K04,6/13/17,6/28/17,15,203,202
16,T3,A2,5,Kup,K05,T3-A2-K05,6/13/17,6/28/17,15,227,227
16,T3,A2,7,Kup,K07,T3-A2-K07,6/13/17,6/28/17,15,252,252
16,T3,A2,8,Kup,K08,T3-A2-K08,6/13/17,6/28/17,15,107,107
16,T3,A4,16,Kup,K16,T3-A4-K16,6/13/17,6/28/17,15,44,44
16,T3,A1,1,Oks 3,O1,T3-A1-O1,6/14/17,6/28/17,14,37,32
16,T3,A1,2,Oks 3,O2,T3-A1-O2,6/14/17,6/28/17,14,224,214
16,T3,A2,6,Oks 3,O6,T3-A2-O6,6/14/17,6/28/17,14,95,85
8,T1,A1,1,Kup,K01,T1-A1-K01,6/13/17,6/29/17,16,297,294
8,T1,A1,2,Kup,K02,T1-A1-K02,6/13/17,6/29/17,16,300,295
8,T1,A1,3,Kup,K03,T1-A1-K03,6/13/17,6/29/17,16,319,318
8,T1,A1,4,Kup,K04,T1-A1-K04,6/13/17,6/29/17,16,311,311
8,T1,A2,5,Kup,K05,T1-A2-K05,6/13/17,6/29/17,16,308,307
8,T1,A2,6,Kup,K06,T1-A2-K06,6/13/17,6/29/17,16,46,45
8,T1,A2,7,Kup,K07,T1-A2-K07,6/13/17,6/29/17,16,317,316
8,T1,A2,8,Kup,K08,T1-A2-K08,6/13/17,6/29/17,16,320,320
8,T1,A3,9,Kup,K09,T1-A3-K09,6/13/17,6/29/17,16,319,318
8,T1,A3,10,Kup,K10,T1-A3-K10,6/13/17,6/29/17,16,304,301
8,T1,A3,11,Kup,K11,T1-A3-K11,6/13/17,6/29/17,16,313,313
8,T1,A3,12,Kup,K12,T1-A3-K12,6/13/17,6/29/17,16,312,312
8,T1,A4,13,Kup,K13,T1-A4-K13,6/13/17,6/29/17,16,306,306
8,T1,A4,14,Kup,K14,T1-A4-K14,6/13/17,6/29/17,16,309,306
8,T1,A4,15,Kup,K15,T1-A4-K15,6/13/17,6/29/17,16,323,323
8,T1,A4,16,Kup,K16,T1-A4-K16,6/13/17,6/29/17,16,316,314
8,T1,A1,1,Oks 3,O1,T1-A1-O1,6/14/17,6/29/17,15,289,288
8,T1,A1,2,Oks 3,O2,T1-A1-O2,6/14/17,6/29/17,15,270,269
8,T1,A1,4,Oks 3,O4,T1-A1-O4,6/14/17,6/29/17,15,220,217
8,T1,A2,5,Oks 3,O5,T1-A2-O5,6/14/17,6/29/17,15,79,71
8,T1,A2,6,Oks 3,O6,T1-A2-O6,6/14/17,6/29/17,15,224,224
12,T2,A1,1,Kup,K01,T2-A1-K01,6/13/17,6/29/17,16,186,186
12,T2,A1,2,Kup,K02,T2-A1-K02,6/13/17,6/29/17,16,244,238
12,T2,A1,3,Kup,K03,T2-A1-K03,6/13/17,6/29/17,16,293,291
12,T2,A1,4,Kup,K04,T2-A1-K04,6/13/17,6/29/17,16,251,248
12,T2,A2,5,Kup,K05,T2-A2-K05,6/13/17,6/29/17,16,200,198
12,T2,A2,6,Kup,K06,T2-A2-K06,6/13/17,6/29/17,16,55,54
12,T2,A2,7,Kup,K07,T2-A2-K07,6/13/17,6/29/17,16,271,258
12,T2,A2,8,Kup,K08,T2-A2-K08,6/13/17,6/29/17,16,285,285
12,T2,A3,9,Kup,K09,T2-A3-K09,6/13/17,6/29/17,16,289,286
12,T2,A3,10,Kup,K10,T2-A3-K10,6/13/17,6/29/17,16,243,239
12,T2,A3,11,Kup,K11,T2-A3-K11,6/13/17,6/29/17,16,297,295
12,T2,A3,12,Kup,K12,T2-A3-K12,6/13/17,6/29/17,16,308,308
12,T2,A4,13,Kup,K13,T2-A4-K13,6/13/17,6/29/17,16,257,249
12,T2,A4,14,Kup,K14,T2-A4-K14,6/13/17,6/29/17,16,297,297
12,T2,A4,15,Kup,K15,T2-A4-K15,6/13/17,6/29/17,16,275,275
12,T2,A4,16,Kup,K16,T2-A4-K16,6/13/17,6/29/17,16,256,252
12,T2,A1,1,Oks 3,O1,T2-A1-O1,6/14/17,6/29/17,15,250,249
12,T2,A1,2,Oks 3,O2,T2-A1-O2,6/14/17,6/29/17,15,257,257
12,T2,A1,4,Oks 3,O4,T2-A1-O4,6/14/17,6/29/17,15,157,132
12,T2,A2,5,Oks 3,O5,T2-A2-O5,6/14/17,6/29/17,15,4,4
12,T2,A2,6,Oks 3,O6,T2-A2-O6,6/14/17,6/29/17,15,132,131
16,T3,A1,2,Kup,K02,T3-A1-K02,6/13/17,6/29/17,16,37,37
16,T3,A1,4,Kup,K04,T3-A1-K04,6/13/17,6/29/17,16,202,198
16,T3,A2,5,Kup,K05,T3-A2-K05,6/13/17,6/29/17,16,227,226
16,T3,A2,7,Kup,K07,T3-A2-K07,6/13/17,6/29/17,16,252,244
16,T3,A2,8,Kup,K08,T3-A2-K08,6/13/17,6/29/17,16,107,107
16,T3,A4,16,Kup,K16,T3-A4-K16,6/13/17,6/29/17,16,44,44
16,T3,A1,1,Oks 3,O1,T3-A1-O1,6/14/17,6/29/17,15,32,32
16,T3,A1,2,Oks 3,O2,T3-A1-O2,6/14/17,6/29/17,15,214,214
16,T3,A2,6,Oks 3,O6,T3-A2-O6,6/14/17,6/29/17,15,85,85
8,T1,A1,1,Kup,K01,T1-A1-K01,6/13/17,6/30/17,17,294,288
8,T1,A1,2,Kup,K02,T1-A1-K02,6/13/17,6/30/17,17,295,288
8,T1,A1,3,Kup,K03,T1-A1-K03,6/13/17,6/30/17,17,318,318
8,T1,A1,4,Kup,K04,T1-A1-K04,6/13/17,6/30/17,17,311,307
8,T1,A2,5,Kup,K05,T1-A2-K05,6/13/17,6/30/17,17,307,307
8,T1,A2,6,Kup,K06,T1-A2-K06,6/13/17,6/30/17,17,45,44
8,T1,A2,7,Kup,K07,T1-A2-K07,6/13/17,6/30/17,17,316,315
8,T1,A2,8,Kup,K08,T1-A2-K08,6/13/17,6/30/17,17,320,320
8,T1,A3,9,Kup,K09,T1-A3-K09,6/13/17,6/30/17,17,318,318
8,T1,A3,10,Kup,K10,T1-A3-K10,6/13/17,6/30/17,17,301,297
8,T1,A3,11,Kup,K11,T1-A3-K11,6/13/17,6/30/17,17,313,313
8,T1,A3,12,Kup,K12,T1-A3-K12,6/13/17,6/30/17,17,312,312
8,T1,A4,13,Kup,K13,T1-A4-K13,6/13/17,6/30/17,17,306,305
8,T1,A4,14,Kup,K14,T1-A4-K14,6/13/17,6/30/17,17,306,305
8,T1,A4,15,Kup,K15,T1-A4-K15,6/13/17,6/30/17,17,323,322
8,T1,A4,16,Kup,K16,T1-A4-K16,6/13/17,6/30/17,17,314,313
8,T1,A1,1,Oks 3,O1,T1-A1-O1,6/14/17,6/30/17,16,288,287
8,T1,A1,2,Oks 3,O2,T1-A1-O2,6/14/17,6/30/17,16,269,269
8,T1,A1,4,Oks 3,O4,T1-A1-O4,6/14/17,6/30/17,16,217,217
8,T1,A2,5,Oks 3,O5,T1-A2-O5,6/14/17,6/30/17,16,71,71
8,T1,A2,6,Oks 3,O6,T1-A2-O6,6/14/17,6/30/17,16,224,224
12,T2,A1,1,Kup,K01,T2-A1-K01,6/13/17,6/30/17,17,186,175
12,T2,A1,2,Kup,K02,T2-A1-K02,6/13/17,6/30/17,17,238,234
12,T2,A1,3,Kup,K03,T2-A1-K03,6/13/17,6/30/17,17,291,287
12,T2,A1,4,Kup,K04,T2-A1-K04,6/13/17,6/30/17,17,248,242
12,T2,A2,5,Kup,K05,T2-A2-K05,6/13/17,6/30/17,17,198,197
12,T2,A2,6,Kup,K06,T2-A2-K06,6/13/17,6/30/17,17,54,48
12,T2,A2,7,Kup,K07,T2-A2-K07,6/13/17,6/30/17,17,258,258
12,T2,A2,8,Kup,K08,T2-A2-K08,6/13/17,6/30/17,17,285,285
12,T2,A3,9,Kup,K09,T2-A3-K09,6/13/17,6/30/17,17,286,286
12,T2,A3,10,Kup,K10,T2-A3-K10,6/13/17,6/30/17,17,239,232
12,T2,A3,11,Kup,K11,T2-A3-K11,6/13/17,6/30/17,17,295,293
12,T2,A3,12,Kup,K12,T2-A3-K12,6/13/17,6/30/17,17,308,304
12,T2,A4,13,Kup,K13,T2-A4-K13,6/13/17,6/30/17,17,249,244
12,T2,A4,14,Kup,K14,T2-A4-K14,6/13/17,6/30/17,17,297,295
12,T2,A4,15,Kup,K15,T2-A4-K15,6/13/17,6/30/17,17,275,274
12,T2,A4,16,Kup,K16,T2-A4-K16,6/13/17,6/30/17,17,252,251
12,T2,A1,1,Oks 3,O1,T2-A1-O1,6/14/17,6/30/17,16,249,232
12,T2,A1,2,Oks 3,O2,T2-A1-O2,6/14/17,6/30/17,16,257,233
12,T2,A1,4,Oks 3,O4,T2-A1-O4,6/14/17,6/30/17,16,132,116
12,T2,A2,5,Oks 3,O5,T2-A2-O5,6/14/17,6/30/17,16,4,3
12,T2,A2,6,Oks 3,O6,T2-A2-O6,6/14/17,6/30/17,16,131,118
16,T3,A1,2,Kup,K02,T3-A1-K02,6/13/17,6/30/17,17,37,36
16,T3,A1,4,Kup,K04,T3-A1-K04,6/13/17,6/30/17,17,198,191
16,T3,A2,5,Kup,K05,T3-A2-K05,6/13/17,6/30/17,17,226,225
16,T3,A2,7,Kup,K07,T3-A2-K07,6/13/17,6/30/17,17,244,237
16,T3,A2,8,Kup,K08,T3-A2-K08,6/13/17,6/30/17,17,107,105
16,T3,A4,16,Kup,K16,T3-A4-K16,6/13/17,6/30/17,17,44,44
16,T3,A1,1,Oks 3,O1,T3-A1-O1,6/14/17,6/30/17,16,32,32
16,T3,A1,2,Oks 3,O2,T3-A1-O2,6/14/17,6/30/17,16,214,211
16,T3,A2,6,Oks 3,O6,T3-A2-O6,6/14/17,6/30/17,16,85,85
8,T1,A1,1,Kup,K01,T1-A1-K01,6/13/17,7/1/17,18,288,275
8,T1,A1,2,Kup,K02,T1-A1-K02,6/13/17,7/1/17,18,288,285
8,T1,A1,3,Kup,K03,T1-A1-K03,6/13/17,7/1/17,18,318,317
8,T1,A1,4,Kup,K04,T1-A1-K04,6/13/17,7/1/17,18,307,306
8,T1,A2,5,Kup,K05,T1-A2-K05,6/13/17,7/1/17,18,307,305
8,T1,A2,6,Kup,K06,T1-A2-K06,6/13/17,7/1/17,18,44,36
8,T1,A2,7,Kup,K07,T1-A2-K07,6/13/17,7/1/17,18,315,315
8,T1,A2,8,Kup,K08,T1-A2-K08,6/13/17,7/1/17,18,320,320
8,T1,A3,9,Kup,K09,T1-A3-K09,6/13/17,7/1/17,18,318,318
8,T1,A3,10,Kup,K10,T1-A3-K10,6/13/17,7/1/17,18,297,291
8,T1,A3,11,Kup,K11,T1-A3-K11,6/13/17,7/1/17,18,313,313
8,T1,A3,12,Kup,K12,T1-A3-K12,6/13/17,7/1/17,18,312,312
8,T1,A4,13,Kup,K13,T1-A4-K13,6/13/17,7/1/17,18,305,305
8,T1,A4,14,Kup,K14,T1-A4-K14,6/13/17,7/1/17,18,305,305
8,T1,A4,15,Kup,K15,T1-A4-K15,6/13/17,7/1/17,18,322,321
8,T1,A4,16,Kup,K16,T1-A4-K16,6/13/17,7/1/17,18,313,309
8,T1,A1,1,Oks 3,O1,T1-A1-O1,6/14/17,7/1/17,17,287,286
8,T1,A1,2,Oks 3,O2,T1-A1-O2,6/14/17,7/1/17,17,269,269
8,T1,A3,12,Oks 3,O4,T1-A3-O4,6/14/17,7/1/17,17,217,210
8,T1,A2,5,Oks 3,O5,T1-A2-O5,6/14/17,7/1/17,17,71,62
8,T1,A2,6,Oks 3,O6,T1-A2-O6,6/14/17,7/1/17,17,224,211
12,T2,A1,1,Kup,K01,T2-A1-K01,6/13/17,7/1/17,18,175,174
12,T2,A1,2,Kup,K02,T2-A1-K02,6/13/17,7/1/17,18,234,232
12,T2,A1,3,Kup,K03,T2-A1-K03,6/13/17,7/1/17,18,287,285
12,T2,A1,4,Kup,K04,T2-A1-K04,6/13/17,7/1/17,18,242,242
12,T2,A2,5,Kup,K05,T2-A2-K05,6/13/17,7/1/17,18,197,196
12,T2,A2,6,Kup,K06,T2-A2-K06,6/13/17,7/1/17,18,48,48
12,T2,A2,7,Kup,K07,T2-A2-K07,6/13/17,7/1/17,18,258,257
12,T2,A2,8,Kup,K08,T2-A2-K08,6/13/17,7/1/17,18,285,285
12,T2,A3,9,Kup,K09,T2-A3-K09,6/13/17,7/1/17,18,286,283
12,T2,A3,10,Kup,K10,T2-A3-K10,6/13/17,7/1/17,18,232,229
12,T2,A3,11,Kup,K11,T2-A3-K11,6/13/17,7/1/17,18,293,293
12,T2,A3,12,Kup,K12,T2-A3-K12,6/13/17,7/1/17,18,304,304
12,T2,A4,13,Kup,K13,T2-A4-K13,6/13/17,7/1/17,18,244,243
12,T2,A4,14,Kup,K14,T2-A4-K14,6/13/17,7/1/17,18,295,295
12,T2,A4,15,Kup,K15,T2-A4-K15,6/13/17,7/1/17,18,274,272
12,T2,A4,16,Kup,K16,T2-A4-K16,6/13/17,7/1/17,18,251,249
12,T2,A1,1,Oks 3,O1,T2-A1-O1,6/14/17,7/1/17,17,232,232
12,T2,A1,2,Oks 3,O2,T2-A1-O2,6/14/17,7/1/17,17,233,230
12,T2,A3,12,Oks 3,O4,T2-A3-O4,6/14/17,7/1/17,17,116,114
12,T2,A2,5,Oks 3,O5,T2-A2-O5,6/14/17,7/1/17,17,3,3
12,T2,A2,6,Oks 3,O6,T2-A2-O6,6/14/17,7/1/17,17,118,116
16,T3,A1,2,Kup,K02,T3-A1-K02,6/13/17,7/1/17,18,36,35
16,T3,A1,4,Kup,K04,T3-A1-K04,6/13/17,7/1/17,18,191,173
16,T3,A2,5,Kup,K05,T3-A2-K05,6/13/17,7/1/17,18,225,224
16,T3,A2,7,Kup,K07,T3-A2-K07,6/13/17,7/1/17,18,237,226
16,T3,A2,8,Kup,K08,T3-A2-K08,6/13/17,7/1/17,18,105,89
16,T3,A4,16,Kup,K16,T3-A4-K16,6/13/17,7/1/17,18,44,43
16,T3,A1,1,Oks 3,O1,T3-A1-O1,6/14/17,7/1/17,17,32,32
16,T3,A1,2,Oks 3,O2,T3-A1-O2,6/14/17,7/1/17,17,211,209
16,T3,A2,6,Oks 3,O6,T3-A2-O6,6/14/17,7/1/17,17,85,85
8,T1,A1,1,Kup,K01,T1-A1-K01,6/13/17,7/2/17,19,275,191
8,T1,A1,2,Kup,K02,T1-A1-K02,6/13/17,7/2/17,19,285,281
8,T1,A1,3,Kup,K03,T1-A1-K03,6/13/17,7/2/17,19,317,315
8,T1,A1,4,Kup,K04,T1-A1-K04,6/13/17,7/2/17,19,306,282
8,T1,A2,5,Kup,K05,T1-A2-K05,6/13/17,7/2/17,19,305,288
8,T1,A2,6,Kup,K06,T1-A2-K06,6/13/17,7/2/17,19,36,36
8,T1,A2,7,Kup,K07,T1-A2-K07,6/13/17,7/2/17,19,315,312
8,T1,A2,8,Kup,K08,T1-A2-K08,6/13/17,7/2/17,19,320,314
8,T1,A3,9,Kup,K09,T1-A3-K09,6/13/17,7/2/17,19,318,317
8,T1,A3,10,Kup,K10,T1-A3-K10,6/13/17,7/2/17,19,291,284
8,T1,A3,11,Kup,K11,T1-A3-K11,6/13/17,7/2/17,19,313,310
8,T1,A3,12,Kup,K12,T1-A3-K12,6/13/17,7/2/17,19,312,309
8,T1,A4,13,Kup,K13,T1-A4-K13,6/13/17,7/2/17,19,305,282
8,T1,A4,14,Kup,K14,T1-A4-K14,6/13/17,7/2/17,19,305,291
8,T1,A4,15,Kup,K15,T1-A4-K15,6/13/17,7/2/17,19,321,314
8,T1,A4,16,Kup,K16,T1-A4-K16,6/13/17,7/2/17,19,309,302
8,T1,A1,1,Oks 3,O1,T1-A1-O1,6/14/17,7/2/17,18,286,277
8,T1,A1,2,Oks 3,O2,T1-A1-O2,6/14/17,7/2/17,18,269,252
8,T1,A3,12,Oks 3,O4,T1-A3-O4,6/14/17,7/2/17,18,210,196
8,T1,A2,5,Oks 3,O5,T1-A2-O5,6/14/17,7/2/17,18,62,33
8,T1,A2,6,Oks 3,O6,T1-A2-O6,6/14/17,7/2/17,18,211,58
12,T2,A1,1,Kup,K01,T2-A1-K01,6/13/17,7/2/17,19,174,172
12,T2,A1,2,Kup,K02,T2-A1-K02,6/13/17,7/2/17,19,232,231
12,T2,A1,3,Kup,K03,T2-A1-K03,6/13/17,7/2/17,19,285,285
12,T2,A1,4,Kup,K04,T2-A1-K04,6/13/17,7/2/17,19,242,242
12,T2,A2,5,Kup,K05,T2-A2-K05,6/13/17,7/2/17,19,196,196
12,T2,A2,6,Kup,K06,T2-A2-K06,6/13/17,7/2/17,19,48,48
12,T2,A2,7,Kup,K07,T2-A2-K07,6/13/17,7/2/17,19,257,257
12,T2,A2,8,Kup,K08,T2-A2-K08,6/13/17,7/2/17,19,285,285
12,T2,A3,9,Kup,K09,T2-A3-K09,6/13/17,7/2/17,19,283,283
12,T2,A3,10,Kup,K10,T2-A3-K10,6/13/17,7/2/17,19,229,229
12,T2,A3,11,Kup,K11,T2-A3-K11,6/13/17,7/2/17,19,293,293
12,T2,A3,12,Kup,K12,T2-A3-K12,6/13/17,7/2/17,19,304,304
12,T2,A4,13,Kup,K13,T2-A4-K13,6/13/17,7/2/17,19,243,243
12,T2,A4,14,Kup,K14,T2-A4-K14,6/13/17,7/2/17,19,295,295
12,T2,A4,15,Kup,K15,T2-A4-K15,6/13/17,7/2/17,19,272,272
12,T2,A4,16,Kup,K16,T2-A4-K16,6/13/17,7/2/17,19,249,249
12,T2,A1,1,Oks 3,O1,T2-A1-O1,6/14/17,7/2/17,19,232,232
12,T2,A1,2,Oks 3,O2,T2-A1-O2,6/14/17,7/2/17,19,230,230
12,T2,A3,12,Oks 3,O4,T2-A3-O4,6/14/17,7/2/17,19,114,114
12,T2,A2,5,Oks 3,O5,T2-A2-O5,6/14/17,7/2/17,19,3,3
12,T2,A2,6,Oks 3,O6,T2-A2-O6,6/14/17,7/2/17,19,116,116
16,T3,A1,2,Kup,K02,T3-A1-K02,6/13/17,7/2/17,19,35,35
16,T3,A1,4,Kup,K04,T3-A1-K04,6/13/17,7/2/17,19,173,160
16,T3,A2,5,Kup,K05,T3-A2-K05,6/13/17,7/2/17,19,224,224
16,T3,A2,7,Kup,K07,T3-A2-K07,6/13/17,7/2/17,19,226,209
16,T3,A2,8,Kup,K08,T3-A2-K08,6/13/17,7/2/17,19,89,80
16,T3,A4,16,Kup,K16,T3-A4-K16,6/13/17,7/2/17,18,43,43
16,T3,A1,1,Oks 3,O1,T3-A1-O1,6/14/17,7/2/17,18,32,26
16,T3,A1,2,Oks 3,O2,T3-A1-O2,6/14/17,7/2/17,18,209,204
16,T3,A2,6,Oks 3,O6,T3-A2-O6,6/14/17,7/2/17,18,85,85
8,T1,A1,1,Kup,K01,T1-A1-K01,6/13/17,7/3/17,20,191,166
8,T1,A1,2,Kup,K02,T1-A1-K02,6/13/17,7/3/17,20,281,261
8,T1,A1,3,Kup,K03,T1-A1-K03,6/13/17,7/3/17,20,315,301
8,T1,A1,4,Kup,K04,T1-A1-K04,6/13/17,7/3/17,20,282,271
8,T1,A2,5,Kup,K05,T1-A2-K05,6/13/17,7/3/17,20,288,245
8,T1,A2,6,Kup,K06,T1-A2-K06,6/13/17,7/3/17,20,36,32
8,T1,A2,7,Kup,K07,T1-A2-K07,6/13/17,7/3/17,20,312,299
8,T1,A2,8,Kup,K08,T1-A2-K08,6/13/17,7/3/17,20,314,303
8,T1,A3,9,Kup,K09,T1-A3-K09,6/13/17,7/3/17,20,317,298
8,T1,A3,10,Kup,K10,T1-A3-K10,6/13/17,7/3/17,20,284,246
8,T1,A3,11,Kup,K11,T1-A3-K11,6/13/17,7/3/17,20,310,296
8,T1,A3,12,Kup,K12,T1-A3-K12,6/13/17,7/3/17,20,309,297
8,T1,A4,13,Kup,K13,T1-A4-K13,6/13/17,7/3/17,20,282,266
8,T1,A4,14,Kup,K14,T1-A4-K14,6/13/17,7/3/17,20,291,279
8,T1,A4,15,Kup,K15,T1-A4-K15,6/13/17,7/3/17,20,314,300
8,T1,A4,16,Kup,K16,T1-A4-K16,6/13/17,7/3/17,20,302,282
8,T1,A1,1,Oks 3,O1,T1-A1-O1,6/14/17,7/3/17,19,277,271
8,T1,A1,2,Oks 3,O2,T1-A1-O2,6/14/17,7/3/17,19,252,242
8,T1,A3,12,Oks 3,O4,T1-A3-O4,6/14/17,7/3/17,19,196,192
8,T1,A2,5,Oks 3,O5,T1-A2-O5,6/14/17,7/3/17,19,33,28
8,T1,A2,6,Oks 3,O6,T1-A2-O6,6/14/17,7/3/17,19,58,54
12,T2,A1,1,Kup,K01,T2-A1-K01,6/13/17,7/3/17,20,172,160
12,T2,A1,2,Kup,K02,T2-A1-K02,6/13/17,7/3/17,20,231,217
12,T2,A1,3,Kup,K03,T2-A1-K03,6/13/17,7/3/17,20,285,273
12,T2,A1,4,Kup,K04,T2-A1-K04,6/13/17,7/3/17,20,242,232
12,T2,A2,5,Kup,K05,T2-A2-K05,6/13/17,7/3/17,20,196,185
12,T2,A2,6,Kup,K06,T2-A2-K06,6/13/17,7/3/17,20,48,43
12,T2,A2,7,Kup,K07,T2-A2-K07,6/13/17,7/3/17,20,257,245
12,T2,A2,8,Kup,K08,T2-A2-K08,6/13/17,7/3/17,20,285,272
12,T2,A3,9,Kup,K09,T2-A3-K09,6/13/17,7/3/17,20,283,271
12,T2,A3,10,Kup,K10,T2-A3-K10,6/13/17,7/3/17,20,229,216
12,T2,A3,11,Kup,K11,T2-A3-K11,6/13/17,7/3/17,20,293,282
12,T2,A3,12,Kup,K12,T2-A3-K12,6/13/17,7/3/17,20,304,292
12,T2,A4,13,Kup,K13,T2-A4-K13,6/13/17,7/3/17,20,243,225
12,T2,A4,14,Kup,K14,T2-A4-K14,6/13/17,7/3/17,20,295,283
12,T2,A4,15,Kup,K15,T2-A4-K15,6/13/17,7/3/17,20,272,259
12,T2,A4,16,Kup,K16,T2-A4-K16,6/13/17,7/3/17,20,249,238
12,T2,A1,1,Oks 3,O1,T2-A1-O1,6/14/17,7/3/17,19,232,230
12,T2,A1,2,Oks 3,O2,T2-A1-O2,6/14/17,7/3/17,19,230,230
12,T2,A3,12,Oks 3,O4,T2-A3-O4,6/14/17,7/3/17,19,114,107
12,T2,A2,5,Oks 3,O5,T2-A2-O5,6/14/17,7/3/17,19,3,3
12,T2,A2,6,Oks 3,O6,T2-A2-O6,6/14/17,7/3/17,19,116,114
16,T3,A1,2,Kup,K02,T3-A1-K02,6/13/17,7/3/17,20,35,35
16,T3,A1,4,Kup,K04,T3-A1-K04,6/13/17,7/3/17,20,160,133
16,T3,A2,5,Kup,K05,T3-A2-K05,6/13/17,7/3/17,20,224,224
16,T3,A2,7,Kup,K07,T3-A2-K07,6/13/17,7/3/17,20,209,176
16,T3,A2,8,Kup,K08,T3-A2-K08,6/13/17,7/3/17,20,80,64
16,T3,A4,16,Kup,K16,T3-A4-K16,6/13/17,7/3/17,20,43,35
16,T3,A1,1,Oks 3,O1,T3-A1-O1,6/14/17,7/3/17,19,26,22
16,T3,A1,2,Oks 3,O2,T3-A1-O2,6/14/17,7/3/17,19,204,189
16,T3,A2,6,Oks 3,O6,T3-A2-O6,6/14/17,7/3/17,19,85,82
8,T1,A1,1,Kup,K01,T1-A1-K01,6/13/17,7/4/17,21,166,159
8,T1,A1,2,Kup,K02,T1-A1-K02,6/13/17,7/4/17,21,261,257
8,T1,A1,3,Kup,K03,T1-A1-K03,6/13/17,7/4/17,21,301,301
8,T1,A1,4,Kup,K04,T1-A1-K04,6/13/17,7/4/17,21,271,270
8,T1,A2,5,Kup,K05,T1-A2-K05,6/13/17,7/4/17,21,245,231
8,T1,A2,6,Kup,K06,T1-A2-K06,6/13/17,7/4/17,21,32,32
8,T1,A2,7,Kup,K07,T1-A2-K07,6/13/17,7/4/17,21,299,296
8,T1,A2,8,Kup,K08,T1-A2-K08,6/13/17,7/4/17,21,303,293
8,T1,A3,9,Kup,K09,T1-A3-K09,6/13/17,7/4/17,21,298,296
8,T1,A3,10,Kup,K10,T1-A3-K10,6/13/17,7/4/17,21,246,244
8,T1,A3,11,Kup,K11,T1-A3-K11,6/13/17,7/4/17,21,296,294
8,T1,A3,12,Kup,K12,T1-A3-K12,6/13/17,7/4/17,21,297,295
8,T1,A4,13,Kup,K13,T1-A4-K13,6/13/17,7/4/17,21,266,265
8,T1,A4,14,Kup,K14,T1-A4-K14,6/13/17,7/4/17,21,279,279
8,T1,A4,15,Kup,K15,T1-A4-K15,6/13/17,7/4/17,21,300,300
8,T1,A4,16,Kup,K16,T1-A4-K16,6/13/17,7/4/17,21,282,279
8,T1,A1,1,Oks 3,O1,T1-A1-O1,6/14/17,7/4/17,20,271,260
8,T1,A1,2,Oks 3,O2,T1-A1-O2,6/14/17,7/4/17,20,242,229
8,T1,A3,12,Oks 3,O4,T1-A3-O4,6/14/17,7/4/17,20,192,179
8,T1,A2,5,Oks 3,O5,T1-A2-O5,6/14/17,7/4/17,20,28,21
8,T1,A2,6,Oks 3,O6,T1-A2-O6,6/14/17,7/4/17,20,54,47
12,T2,A1,1,Kup,K01,T2-A1-K01,6/13/17,7/4/17,21,160,159
12,T2,A1,2,Kup,K02,T2-A1-K02,6/13/17,7/4/17,21,217,215
12,T2,A1,3,Kup,K03,T2-A1-K03,6/13/17,7/4/17,21,273,272
12,T2,A1,4,Kup,K04,T2-A1-K04,6/13/17,7/4/17,21,232,230
12,T2,A2,5,Kup,K05,T2-A2-K05,6/13/17,7/4/17,21,185,182
12,T2,A2,6,Kup,K06,T2-A2-K06,6/13/17,7/4/17,21,43,43
12,T2,A2,7,Kup,K07,T2-A2-K07,6/13/17,7/4/17,21,245,244
12,T2,A2,8,Kup,K08,T2-A2-K08,6/13/17,7/4/17,21,272,271
12,T2,A3,9,Kup,K09,T2-A3-K09,6/13/17,7/4/17,21,271,271
12,T2,A3,10,Kup,K10,T2-A3-K10,6/13/17,7/4/17,21,216,214
12,T2,A3,11,Kup,K11,T2-A3-K11,6/13/17,7/4/17,21,282,276
12,T2,A3,12,Kup,K12,T2-A3-K12,6/13/17,7/4/17,21,292,292
12,T2,A4,13,Kup,K13,T2-A4-K13,6/13/17,7/4/17,21,225,216
12,T2,A4,14,Kup,K14,T2-A4-K14,6/13/17,7/4/17,21,283,282
12,T2,A4,15,Kup,K15,T2-A4-K15,6/13/17,7/4/17,21,259,256
12,T2,A4,16,Kup,K16,T2-A4-K16,6/13/17,7/4/17,21,238,238
12,T2,A1,1,Oks 3,O1,T2-A1-O1,6/14/17,7/4/17,20,230,214
12,T2,A1,2,Oks 3,O2,T2-A1-O2,6/14/17,7/4/17,20,230,220
12,T2,A3,12,Oks 3,O4,T2-A3-O4,6/14/17,7/4/17,20,107,93
12,T2,A2,5,Oks 3,O5,T2-A2-O5,6/14/17,7/4/17,20,3,3
12,T2,A2,6,Oks 3,O6,T2-A2-O6,6/14/17,7/4/17,20,114,105
16,T3,A1,1,Kup,K02,T3-A1-K02,6/13/17,7/4/17,21,35,35
16,T3,A1,2,Kup,K04,T3-A1-K04,6/13/17,7/4/17,21,133,129
16,T3,A2,5,Kup,K05,T3-A2-K05,6/13/17,7/4/17,21,224,224
16,T3,A2,7,Kup,K07,T3-A2-K07,6/13/17,7/4/17,21,176,174
16,T3,A2,8,Kup,K08,T3-A2-K08,6/13/17,7/4/17,21,64,62
16,T3,A4,16,Kup,K16,T3-A4-K16,6/13/17,7/4/17,21,35,35
16,T3,A1,1,Oks 3,O1,T3-A1-O1,6/14/17,7/4/17,20,22,20
16,T3,A1,2,Oks 3,O2,T3-A1-O2,6/14/17,7/4/17,20,189,183
16,T3,A2,6,Oks 3,O6,T3-A2-O6,6/14/17,7/4/17,20,82,77
8,T1,A1,1,Kup,K01,T1-A1-K01,6/13/17,7/5/17,22,159,159
8,T1,A1,2,Kup,K02,T1-A1-K02,6/13/17,7/5/17,22,257,251
8,T1,A1,3,Kup,K03,T1-A1-K03,6/13/17,7/5/17,22,301,301
8,T1,A1,4,Kup,K04,T1-A1-K04,6/13/17,7/5/17,22,270,259
8,T1,A2,5,Kup,K05,T1-A2-K05,6/13/17,7/5/17,22,231,231
8,T1,A2,6,Kup,K06,T1-A2-K06,6/13/17,7/5/17,22,32,31
8,T1,A2,7,Kup,K07,T1-A2-K07,6/13/17,7/5/17,22,296,295
8,T1,A2,8,Kup,K08,T1-A2-K08,6/13/17,7/5/17,22,293,288
8,T1,A3,9,Kup,K09,T1-A3-K09,6/13/17,7/5/17,22,296,291
8,T1,A3,10,Kup,K10,T1-A3-K10,6/13/17,7/5/17,22,244,234
8,T1,A3,11,Kup,K11,T1-A3-K11,6/13/17,7/5/17,22,294,290
8,T1,A3,12,Kup,K12,T1-A3-K12,6/13/17,7/5/17,22,295,293
8,T1,A4,13,Kup,K13,T1-A4-K13,6/13/17,7/5/17,22,265,265
8,T1,A4,14,Kup,K14,T1-A4-K14,6/13/17,7/5/17,22,279,278
8,T1,A4,15,Kup,K15,T1-A4-K15,6/13/17,7/5/17,22,300,297
8,T1,A4,16,Kup,K16,T1-A4-K16,6/13/17,7/5/17,22,279,279
8,T1,A1,1,Oks 3,O1,T1-A1-O1,6/14/17,7/5/17,21,260,260
8,T1,A1,2,Oks 3,O2,T1-A1-O2,6/14/17,7/5/17,21,229,228
8,T1,A3,12,Oks 3,O4,T1-A3-O4,6/14/17,7/5/17,21,179,168
8,T1,A2,5,Oks 3,O5,T1-A2-O5,6/14/17,7/5/17,21,21,20
8,T1,A2,6,Oks 3,O6,T1-A2-O6,6/14/17,7/5/17,21,47,47
12,T2,A1,1,Kup,K01,T2-A1-K01,6/13/17,7/5/17,22,159,159
12,T2,A1,2,Kup,K02,T2-A1-K02,6/13/17,7/5/17,22,215,214
12,T2,A1,3,Kup,K03,T2-A1-K03,6/13/17,7/5/17,22,272,269
12,T2,A1,4,Kup,K04,T2-A1-K04,6/13/17,7/5/17,22,230,230
12,T2,A2,5,Kup,K05,T2-A2-K05,6/13/17,7/5/17,22,182,182
12,T2,A2,6,Kup,K06,T2-A2-K06,6/13/17,7/5/17,22,43,43
12,T2,A2,7,Kup,K07,T2-A2-K07,6/13/17,7/5/17,22,244,241
12,T2,A2,8,Kup,K08,T2-A2-K08,6/13/17,7/5/17,22,271,270
12,T2,A3,9,Kup,K09,T2-A3-K09,6/13/17,7/5/17,22,271,270
12,T2,A3,10,Kup,K10,T2-A3-K10,6/13/17,7/5/17,22,214,209
12,T2,A3,11,Kup,K11,T2-A3-K11,6/13/17,7/5/17,22,276,272
12,T2,A3,12,Kup,K12,T2-A3-K12,6/13/17,7/5/17,22,292,290
12,T2,A4,13,Kup,K13,T2-A4-K13,6/13/17,7/5/17,22,216,215
12,T2,A4,14,Kup,K14,T2-A4-K14,6/13/17,7/5/17,22,282,282
12,T2,A4,15,Kup,K15,T2-A4-K15,6/13/17,7/5/17,22,256,254
12,T2,A4,16,Kup,K16,T2-A4-K16,6/13/17,7/5/17,22,238,237
12,T2,A1,1,Oks 3,O1,T2-A1-O1,6/14/17,7/5/17,21,214,210
12,T2,A1,2,Oks 3,O2,T2-A1-O2,6/14/17,7/5/17,21,220,220
12,T2,A2,5,Oks 3,O5,T2-A2-O5,6/14/17,7/5/17,21,3,3
12,T2,A2,6,Oks 3,O6,T2-A2-O6,6/14/17,7/5/17,21,105,105
16,T3,A1,1,Kup,K02,T3-A1-K02,6/13/17,7/5/17,22,35,35
16,T3,A1,2,Kup,K04,T3-A1-K04,6/13/17,7/5/17,22,129,122
16,T3,A2,5,Kup,K05,T3-A2-K05,6/13/17,7/5/17,22,224,222
16,T3,A2,7,Kup,K07,T3-A2-K07,6/13/17,7/5/17,22,174,172
16,T3,A2,8,Kup,K08,T3-A2-K08,6/13/17,7/5/17,22,62,61
16,T3,A4,16,Kup,K16,T3-A4-K16,6/13/17,7/5/17,22,35,34
16,T3,A1,1,Oks 3,O1,T3-A1-O1,6/14/17,7/5/17,21,20,16
16,T3,A1,2,Oks 3,O2,T3-A1-O2,6/14/17,7/5/17,21,183,180
16,T3,A2,6,Oks 3,O6,T3-A2-O6,6/14/17,7/5/17,21,77,76
8,T1,A1,1,Kup,K01,T1-A1-K01,6/13/17,7/6/17,23,159,153
8,T1,A1,2,Kup,K02,T1-A1-K02,6/13/17,7/6/17,23,251,245
8,T1,A1,3,Kup,K03,T1-A1-K03,6/13/17,7/6/17,23,301,289
8,T1,A1,4,Kup,K04,T1-A1-K04,6/13/17,7/6/17,23,259,255
8,T1,A2,5,Kup,K05,T1-A2-K05,6/13/17,7/6/17,23,231,223
8,T1,A2,6,Kup,K06,T1-A2-K06,6/13/17,7/6/17,23,31,31
8,T1,A2,7,Kup,K07,T1-A2-K07,6/13/17,7/6/17,23,295,291
8,T1,A2,8,Kup,K08,T1-A2-K08,6/13/17,7/6/17,23,288,288
8,T1,A3,9,Kup,K09,T1-A3-K09,6/13/17,7/6/17,23,291,291
8,T1,A3,10,Kup,K10,T1-A3-K10,6/13/17,7/6/17,23,234,226
8,T1,A3,11,Kup,K11,T1-A3-K11,6/13/17,7/6/17,23,290,288
8,T1,A3,12,Kup,K12,T1-A3-K12,6/13/17,7/6/17,23,293,292
8,T1,A4,13,Kup,K13,T1-A4-K13,6/13/17,7/6/17,23,265,262
8,T1,A4,14,Kup,K14,T1-A4-K14,6/13/17,7/6/17,23,278,275
8,T1,A4,15,Kup,K15,T1-A4-K15,6/13/17,7/6/17,23,297,293
8,T1,A4,16,Kup,K16,T1-A4-K16,6/13/17,7/6/17,23,279,279
8,T1,A1,1,Oks 3,O1,T1-A1-O1,6/14/17,7/6/17,22,260,248
8,T1,A1,2,Oks 3,O2,T1-A1-O2,6/14/17,7/6/17,22,228,227
8,T1,A3,12,Oks 3,O4,T1-A3-O4,6/14/17,7/6/17,22,168,153
8,T1,A2,5,Oks 3,O5,T1-A2-O5,6/14/17,7/6/17,22,20,19
8,T1,A2,6,Oks 3,O6,T1-A2-O6,6/14/17,7/6/17,22,47,47
12,T2,A1,1,Kup,K01,T2-A1-K01,6/13/17,7/6/17,23,159,159
12,T2,A1,2,Kup,K02,T2-A1-K02,6/13/17,7/6/17,23,214,214
12,T2,A1,3,Kup,K03,T2-A1-K03,6/13/17,7/6/17,23,269,264
12,T2,A1,4,Kup,K04,T2-A1-K04,6/13/17,7/6/17,23,230,230
12,T2,A2,5,Kup,K05,T2-A2-K05,6/13/17,7/6/17,23,182,182
12,T2,A2,6,Kup,K06,T2-A2-K06,6/13/17,7/6/17,23,43,43
12,T2,A2,7,Kup,K07,T2-A2-K07,6/13/17,7/6/17,23,241,241
12,T2,A2,8,Kup,K08,T2-A2-K08,6/13/17,7/6/17,23,270,268
12,T2,A3,9,Kup,K09,T2-A3-K09,6/13/17,7/6/17,23,270,268
12,T2,A3,10,Kup,K10,T2-A3-K10,6/13/17,7/6/17,23,209,205
12,T2,A3,11,Kup,K11,T2-A3-K11,6/13/17,7/6/17,23,272,263
12,T2,A3,12,Kup,K12,T2-A3-K12,6/13/17,7/6/17,23,290,283
12,T2,A4,13,Kup,K13,T2-A4-K13,6/13/17,7/6/17,23,215,212
12,T2,A4,14,Kup,K14,T2-A4-K14,6/13/17,7/6/17,23,282,281
12,T2,A4,15,Kup,K15,T2-A4-K15,6/13/17,7/6/17,23,254,253
12,T2,A4,16,Kup,K16,T2-A4-K16,6/13/17,7/6/17,23,237,237
12,T2,A1,1,Oks 3,O1,T2-A1-O1,6/14/17,7/6/17,22,210,205
12,T2,A1,2,Oks 3,O2,T2-A1-O2,6/14/17,7/6/17,22,220,216
12,T2,A3,12,Oks 3,O4,T2-A3-O4,6/14/17,7/6/17,22,93,92
12,T2,A2,6,Oks 3,O5,T2-A2-O5,6/14/17,7/6/17,22,3,3
12,T2,A1,1,Oks 3,O6,T2-A1-O6,6/14/17,7/6/17,22,105,104
16,T3,A1,1,Kup,K02,T3-A1-K02,6/13/17,7/6/17,23,35,35
16,T3,A1,2,Kup,K04,T3-A1-K04,6/13/17,7/6/17,23,122,119
16,T3,A2,5,Kup,K05,T3-A2-K05,6/13/17,7/6/17,23,222,215
16,T3,A2,7,Kup,K07,T3-A2-K07,6/13/17,7/6/17,23,172,152
16,T3,A2,8,Kup,K08,T3-A2-K08,6/13/17,7/6/17,23,61,37
16,T3,A4,16,Kup,K16,T3-A4-K16,6/13/17,7/6/17,23,34,34
16,T3,A1,1,Oks 3,O1,T3-A1-O1,6/14/17,7/6/17,22,16,16
16,T3,A1,2,Oks 3,O2,T3-A1-O2,6/14/17,7/6/17,22,180,174
16,T3,A2,6,Oks 3,O6,T3-A2-O6,6/14/17,7/6/17,22,76,73
8,T1,A1,1,Kup,K01,T1-A1-K01,6/13/17,7/7/17,24,153,141
8,T1,A1,2,Kup,K02,T1-A1-K02,6/13/17,7/7/17,24,245,238
8,T1,A1,3,Kup,K03,T1-A1-K03,6/13/17,7/7/17,24,289,286
8,T1,A1,4,Kup,K04,T1-A1-K04,6/13/17,7/7/17,24,255,247
8,T1,A2,5,Kup,K05,T1-A2-K05,6/13/17,7/7/17,24,223,207
8,T1,A2,6,Kup,K06,T1-A2-K06,6/13/17,7/7/17,24,31,31
8,T1,A2,7,Kup,K07,T1-A2-K07,6/13/17,7/7/17,24,291,288
8,T1,A2,8,Kup,K08,T1-A2-K08,6/13/17,7/7/17,24,288,288
8,T1,A3,9,Kup,K09,T1-A3-K09,6/13/17,7/7/17,24,291,289
8,T1,A3,10,Kup,K10,T1-A3-K10,6/13/17,7/7/17,24,226,224
8,T1,A3,11,Kup,K11,T1-A3-K11,6/13/17,7/7/17,24,288,277
8,T1,A3,12,Kup,K12,T1-A3-K12,6/13/17,7/7/17,24,292,286
8,T1,A4,13,Kup,K13,T1-A4-K13,6/13/17,7/7/17,24,262,252
8,T1,A4,14,Kup,K14,T1-A4-K14,6/13/17,7/7/17,24,275,269
8,T1,A4,15,Kup,K15,T1-A4-K15,6/13/17,7/7/17,24,293,286
8,T1,A4,16,Kup,K16,T1-A4-K16,6/13/17,7/7/17,24,279,278
8,T1,A1,1,Oks 3,O1,T1-A1-O1,6/14/17,7/7/17,23,248,240
8,T1,A1,2,Oks 3,O2,T1-A1-O2,6/14/17,7/7/17,23,227,216
8,T1,A3,12,Oks 3,O4,T1-A3-O4,6/14/17,7/7/17,23,153,134
8,T1,A2,5,Oks 3,O5,T1-A2-O5,6/14/17,7/7/17,23,19,18
8,T1,A2,6,Oks 3,O6,T1-A2-O6,6/14/17,7/7/17,23,47,47
12,T2,A1,1,Kup,K01,T2-A1-K01,6/13/17,7/7/17,24,159,158
12,T2,A1,2,Kup,K02,T2-A1-K02,6/13/17,7/7/17,24,214,210
12,T2,A1,3,Kup,K03,T2-A1-K03,6/13/17,7/7/17,24,264,254
12,T2,A1,4,Kup,K04,T2-A1-K04,6/13/17,7/7/17,24,230,227
12,T2,A2,5,Kup,K05,T2-A2-K05,6/13/17,7/7/17,24,182,181
12,T2,A2,6,Kup,K06,T2-A2-K06,6/13/17,7/7/17,24,43,43
12,T2,A2,7,Kup,K07,T2-A2-K07,6/13/17,7/7/17,24,241,238
12,T2,A2,8,Kup,K08,T2-A2-K08,6/13/17,7/7/17,24,268,266
12,T2,A3,9,Kup,K09,T2-A3-K09,6/13/17,7/7/17,24,268,263
12,T2,A3,10,Kup,K10,T2-A3-K10,6/13/17,7/7/17,24,205,199
12,T2,A3,11,Kup,K11,T2-A3-K11,6/13/17,7/7/17,24,263,245
12,T2,A3,12,Kup,K12,T2-A3-K12,6/13/17,7/7/17,24,283,281
12,T2,A4,13,Kup,K13,T2-A4-K13,6/13/17,7/7/17,24,212,210
12,T2,A4,14,Kup,K14,T2-A4-K14,6/13/17,7/7/17,24,281,277
12,T2,A4,15,Kup,K15,T2-A4-K15,6/13/17,7/7/17,24,253,250
12,T2,A4,16,Kup,K16,T2-A4-K16,6/13/17,7/7/17,24,237,234
12,T2,A1,1,Oks 3,O1,T2-A1-O1,6/14/17,7/7/17,23,205,199
12,T2,A1,2,Oks 3,O2,T2-A1-O2,6/14/17,7/7/17,23,216,216
12,T2,A3,12,Oks 3,O4,T2-A3-O4,6/14/17,7/7/17,23,92,92
12,T2,A2,5,Oks 3,O5,T2-A2-O5,6/14/17,7/7/17,23,-2,-2
12,T2,A2,6,Oks 3,O6,T2-A2-O6,6/14/17,7/7/17,23,104,103
16,T3,A1,1,Kup,K02,T3-A1-K02,6/13/17,7/7/17,24,35,34
16,T3,A1,2,Kup,K04,T3-A1-K04,6/13/17,7/7/17,24,119,109
16,T3,A2,7,Kup,K05,T3-A2-K05,6/13/17,7/7/17,24,215,214
16,T3,A2,8,Kup,K07,T3-A2-K07,6/13/17,7/7/17,24,152,136
16,T3,A4,16,Kup,K08,T3-A4-K08,6/13/17,7/7/17,24,37,29
16,T3,A1,1,Kup,K16,T3-A1-K16,6/13/17,7/7/17,24,34,31
16,T3,A1,2,Oks 3,O1,T3-A1-O1,6/14/17,7/7/17,23,16,16
16,T3,A2,6,Oks 3,O2,T3-A2-O2,6/14/17,7/7/17,23,174,162
8,T1,,,Kup,K01,T1--K01,6/13/17,7/8/17,25,141,128
8,T1,,,Kup,K02,T1--K02,6/13/17,7/8/17,25,238,220
8,T1,,,Kup,K03,T1--K03,6/13/17,7/8/17,25,286,274
8,T1,,,Kup,K04,T1--K04,6/13/17,7/8/17,25,247,236
8,T1,,,Kup,K05,T1--K05,6/13/17,7/8/17,25,207,195
8,T1,,,Kup,K06,T1--K06,6/13/17,7/8/17,25,31,25
8,T1,,,Kup,K07,T1--K07,6/13/17,7/8/17,25,288,278
8,T1,,,Kup,K08,T1--K08,6/13/17,7/8/17,25,288,276
8,T1,,,Kup,K09,T1--K09,6/13/17,7/8/17,25,289,279
8,T1,,,Kup,K10,T1--K10,6/13/17,7/8/17,25,224,206
8,T1,,,Kup,K11,T1--K11,6/13/17,7/8/17,25,277,264
8,T1,,,Kup,K12,T1--K12,6/13/17,7/8/17,25,286,267
8,T1,,,Kup,K13,T1--K13,6/13/17,7/8/17,25,252,242
8,T1,,,Kup,K14,T1--K14,6/13/17,7/8/17,25,269,258
8,T1,,,Kup,K15,T1--K15,6/13/17,7/8/17,25,286,273
8,T1,,,Kup,K16,T1--K16,6/13/17,7/8/17,25,278,260
8,T1,,,Oks 3,O1,T1--O1,6/14/17,7/8/17,24,240,237
8,T1,,,Oks 3,O2,T1--O2,6/14/17,7/8/17,24,216,208
8,T1,A3,12,Oks 3,O4,T1-A3-O4,6/14/17,7/8/17,24,134,122
8,T1,,,Oks 3,O5,T1--O5,6/14/17,7/8/17,24,18,18
8,T1,,,Oks 3,O6,T1--O6,6/14/17,7/8/17,24,47,45
12,T2,A3,,Kup,K01,T2-A3-K01,6/13/17,7/8/17,25,158,147
12,T2,,,Kup,K02,T2--K02,6/13/17,7/8/17,25,210,194
12,T2,,,Kup,K03,T2--K03,6/13/17,7/8/17,25,254,218
12,T2,,,Kup,K04,T2--K04,6/13/17,7/8/17,25,227,198
12,T2,,,Kup,K05,T2--K05,6/13/17,7/8/17,25,181,166
12,T2,,,Kup,K06,T2--K06,6/13/17,7/8/17,25,43,43
12,T2,,,Kup,K07,T2--K07,6/13/17,7/8/17,25,238,218
12,T2,,,Kup,K08,T2--K08,6/13/17,7/8/17,25,266,247
12,T2,,,Kup,K09,T2--K09,6/13/17,7/8/17,25,263,214
12,T2,,,Kup,K10,T2--K10,6/13/17,7/8/17,25,199,181
12,T2,,,Kup,K11,T2--K11,6/13/17,7/8/17,25,245,191
12,T2,,,Kup,K12,T2--K12,6/13/17,7/8/17,25,281,236
12,T2,,,Kup,K13,T2--K13,6/13/17,7/8/17,25,210,192
12,T2,,,Kup,K14,T2--K14,6/13/17,7/8/17,25,277,240
12,T2,,,Kup,K15,T2--K15,6/13/17,7/8/17,25,250,224
12,T2,,,Kup,K16,T2--K16,6/13/17,7/8/17,25,234,218
12,T2,,,Oks 3,O1,T2--O1,6/14/17,7/8/17,24,199,169
12,T2,,,Oks 3,O2,T2--O2,6/14/17,7/8/17,24,216,203
12,T2,A3,12,Oks 3,O4,T2-A3-O4,6/14/17,7/8/17,24,92,76
12,T2,,,Oks 3,O5,T2--O5,6/14/17,7/8/17,24,-2,-2
12,T2,,,Oks 3,O6,T2--O6,6/14/17,7/8/17,24,103,93
16,T3,,,Kup,K02,T3--K02,6/13/17,7/8/17,25,34,32
16,T3,,,Kup,K04,T3--K04,6/13/17,7/8/17,25,109,78
16,T3,,,Kup,K05,T3--K05,6/13/17,7/8/17,25,214,211
16,T3,,,Kup,K07,T3--K07,6/13/17,7/8/17,25,136,106
16,T3,,,Kup,K08,T3--K08,6/13/17,7/8/17,25,29,27
16,T3,,,Kup,K16,T3--K16,6/13/17,7/8/17,25,31,29
16,T3,,,Oks 3,O1,T3--O1,6/14/17,7/8/17,24,16,23
16,T3,,,Oks 3,O2,T3--O2,6/14/17,7/8/17,24,162,141
16,T3,,,Oks 3,O6,T3--O6,6/14/17,7/8/17,24,73,63
8,T1,,,Kup,K01,T1--K01,6/13/17,7/9/17,26,128,126
8,T1,,,Kup,K02,T1--K02,6/13/17,7/9/17,26,220,220
8,T1,,,Kup,K03,T1--K03,6/13/17,7/9/17,26,274,271
8,T1,,,Kup,K04,T1--K04,6/13/17,7/9/17,26,236,235
8,T1,,,Kup,K05,T1--K05,6/13/17,7/9/17,26,195,195
8,T1,,,Kup,K06,T1--K06,6/13/17,7/9/17,26,25,23
8,T1,,,Kup,K07,T1--K07,6/13/17,7/9/17,26,278,276
8,T1,,,Kup,K08,T1--K08,6/13/17,7/9/17,26,276,274
8,T1,,,Kup,K09,T1--K09,6/13/17,7/9/17,26,279,272
8,T1,,,Kup,K10,T1--K10,6/13/17,7/9/17,26,206,203
8,T1,,,Kup,K11,T1--K11,6/13/17,7/9/17,26,264,259
8,T1,,,Kup,K12,T1--K12,6/13/17,7/9/17,26,267,263
8,T1,,,Kup,K13,T1--K13,6/13/17,7/9/17,26,242,237
8,T1,,,Kup,K14,T1--K14,6/13/17,7/9/17,26,258,258
8,T1,,,Kup,K15,T1--K15,6/13/17,7/9/17,26,273,272
8,T1,,,Kup,K16,T1--K16,6/13/17,7/9/17,26,260,225
8,T1,,,Oks 3,O1,T1--O1,6/14/17,7/9/17,25,237,227
8,T1,,,Oks 3,O2,T1--O2,6/14/17,7/9/17,25,208,197
8,T1,,,Oks 3,O4,T1--O4,6/14/17,7/9/17,25,122,112
8,T1,,,Oks 3,O5,T1--O5,6/14/17,7/9/17,25,18,18
8,T1,,,Oks 3,O6,T1--O6,6/14/17,7/9/17,25,45,40
12,T2,A3,,Kup,K01,T2-A3-K01,6/13/17,7/9/17,26,147,146
12,T2,,,Kup,K02,T2--K02,6/13/17,7/9/17,26,194,193
12,T2,,,Kup,K03,T2--K03,6/13/17,7/9/17,26,218,213
12,T2,,,Kup,K04,T2--K04,6/13/17,7/9/17,26,198,182
12,T2,,,Kup,K05,T2--K05,6/13/17,7/9/17,26,166,159
12,T2,,,Kup,K06,T2--K06,6/13/17,7/9/17,26,43,43
12,T2,,,Kup,K07,T2--K07,6/13/17,7/9/17,26,218,213
12,T2,,,Kup,K08,T2--K08,6/13/17,7/9/17,26,247,246
12,T2,,,Kup,K09,T2--K09,6/13/17,7/9/17,26,214,203
12,T2,,,Kup,K10,T2--K10,6/13/17,7/9/17,26,181,181
12,T2,,,Kup,K11,T2--K11,6/13/17,7/9/17,26,191,181
12,T2,,,Kup,K12,T2--K12,6/13/17,7/9/17,26,236,227
12,T2,,,Kup,K13,T2--K13,6/13/17,7/9/17,26,192,181
12,T2,,,Kup,K14,T2--K14,6/13/17,7/9/17,26,240,226
12,T2,,,Kup,K15,T2--K15,6/13/17,7/9/17,26,224,210
12,T2,,,Kup,K16,T2--K16,6/13/17,7/9/17,26,218,215
12,T2,,,Oks 3,O1,T2--O1,6/14/17,7/9/17,25,169,148
12,T2,,,Oks 3,O2,T2--O2,6/14/17,7/9/17,25,203,199
12,T2,,,Oks 3,O4,T2--O4,6/14/17,7/9/17,25,76,73
12,T2,,,Oks 3,O5,T2--O5,6/14/17,7/9/17,25,-2,-2
12,T2,,,Oks 3,O6,T2--O6,6/14/17,7/9/17,25,93,93
16,T3,,,Kup,K02,T3--K02,6/13/17,7/9/17,26,32,31
16,T3,,,Kup,K04,T3--K04,6/13/17,7/9/17,26,78,41
16,T3,,,Kup,K05,T3--K05,6/13/17,7/9/17,26,211,210
16,T3,,,Kup,K07,T3--K07,6/13/17,7/9/17,26,106,88
16,T3,,,Kup,K08,T3--K08,6/13/17,7/9/17,26,27,24
16,T3,,,Kup,K16,T3--K16,6/13/17,7/9/17,26,29,29
16,T3,,,Oks 3,O1,T3--O1,6/14/17,7/9/17,25,23,20
16,T3,,,Oks 3,O2,T3--O2,6/14/17,7/9/17,25,141,131
16,T3,,,Oks 3,O6,T3--O6,6/14/17,7/9/17,25,63,60
8,T1,,,Kup,K01,T1--K01,6/13/17,7/10/17,27,126,102
8,T1,,,Kup,K02,T1--K02,6/13/17,7/10/17,27,220,206
8,T1,,,Kup,K03,T1--K03,6/13/17,7/10/17,27,271,271
8,T1,,,Kup,K04,T1--K04,6/13/17,7/10/17,27,235,235
8,T1,,,Kup,K05,T1--K05,6/13/17,7/10/17,27,195,194
8,T1,,,Kup,K06,T1--K06,6/13/17,7/10/17,27,23,19
8,T1,,,Kup,K07,T1--K07,6/13/17,7/10/17,27,276,273
8,T1,,,Kup,K08,T1--K08,6/13/17,7/10/17,27,274,271
8,T1,,,Kup,K09,T1--K09,6/13/17,7/10/17,27,272,262
8,T1,,,Kup,K10,T1--K10,6/13/17,7/10/17,27,203,202
8,T1,,,Kup,K11,T1--K11,6/13/17,7/10/17,27,259,257
8,T1,,,Kup,K12,T1--K12,6/13/17,7/10/17,27,263,252
8,T1,,,Kup,K13,T1--K13,6/13/17,7/10/17,27,237,224
8,T1,,,Kup,K14,T1--K14,6/13/17,7/10/17,27,258,247
8,T1,,,Kup,K15,T1--K15,6/13/17,7/10/17,27,272,261
8,T1,,,Kup,K16,T1--K16,6/13/17,7/10/17,27,225,223
8,T1,,,Oks 3,O1,T1--O1,6/14/17,7/10/17,26,227,227
8,T1,,,Oks 3,O2,T1--O2,6/14/17,7/10/17,26,197,196
8,T1,,,Oks 3,O4,T1--O4,6/14/17,7/10/17,26,112,107
8,T1,,,Oks 3,O5,T1--O5,6/14/17,7/10/17,26,18,18
8,T1,,,Oks 3,O6,T1--O6,6/14/17,7/10/17,26,40,40
12,T2,A3,,Kup,K01,T2-A3-K01,6/13/17,7/10/17,27,146,145
12,T2,,,Kup,K02,T2--K02,6/13/17,7/10/17,27,193,188
12,T2,,,Kup,K03,T2--K03,6/13/17,7/10/17,27,213,209
12,T2,,,Kup,K04,T2--K04,6/13/17,7/10/17,27,182,172
12,T2,,,Kup,K05,T2--K05,6/13/17,7/10/17,27,159,151
12,T2,,,Kup,K06,T2--K06,6/13/17,7/10/17,27,43,43
12,T2,,,Kup,K07,T2--K07,6/13/17,7/10/17,27,213,211
12,T2,,,Kup,K08,T2--K08,6/13/17,7/10/17,27,246,243
12,T2,,,Kup,K09,T2--K09,6/13/17,7/10/17,27,203,191
12,T2,,,Kup,K10,T2--K10,6/13/17,7/10/17,27,181,177
12,T2,,,Kup,K11,T2--K11,6/13/17,7/10/17,27,181,172
12,T2,,,Kup,K12,T2--K12,6/13/17,7/10/17,27,227,224
12,T2,,,Kup,K13,T2--K13,6/13/17,7/10/17,27,181,178
12,T2,,,Kup,K14,T2--K14,6/13/17,7/10/17,27,226,205
12,T2,,,Kup,K15,T2--K15,6/13/17,7/10/17,27,210,203
12,T2,,,Kup,K16,T2--K16,6/13/17,7/10/17,27,215,211
12,T2,,,Oks 3,O1,T2--O1,6/14/17,7/10/17,26,148,141
12,T2,,,Oks 3,O2,T2--O2,6/14/17,7/10/17,26,199,192
12,T2,,,Oks 3,O4,T2--O4,6/14/17,7/10/17,26,73,69
12,T2,,,Oks 3,O5,T2--O5,6/14/17,7/10/17,26,-2,-2
12,T2,,,Oks 3,O6,T2--O6,6/14/17,7/10/17,26,93,93
16,T3,,,Kup,K04,T3--K04,6/13/17,7/10/17,27,51,48
16,T3,,,Kup,K05,T3--K05,6/13/17,7/10/17,27,210,209
16,T3,,,Kup,K07,T3--K07,6/13/17,7/10/17,27,88,83
16,T3,,,Kup,K08,T3--K08,6/13/17,7/10/17,27,24,24
16,T3,,,Kup,K16,T3--K16,6/13/17,7/10/17,27,29,29
16,T3,,,Oks 3,O1,T3--O1,6/14/17,7/10/17,26,20,18
16,T3,,,Oks 3,O2,T3--O2,6/14/17,7/10/17,26,131,116
16,T3,,,Oks 3,O6,T3--O6,6/14/17,7/10/17,26,60,56
8,T1,,,Kup,K01,T1--K01,6/13/17,7/11/17,28,102,101
8,T1,,,Kup,K02,T1--K02,6/13/17,7/11/17,28,206,205
8,T1,,,Kup,K03,T1--K03,6/13/17,7/11/17,28,271,269
8,T1,,,Kup,K04,T1--K04,6/13/17,7/11/17,28,235,235
8,T1,,,Kup,K05,T1--K05,6/13/17,7/11/17,28,194,184
8,T1,,,Kup,K06,T1--K06,6/13/17,7/11/17,28,19,19
8,T1,,,Kup,K07,T1--K07,6/13/17,7/11/17,28,273,272
8,T1,,,Kup,K08,T1--K08,6/13/17,7/11/17,28,271,271
8,T1,,,Kup,K09,T1--K09,6/13/17,7/11/17,28,262,257
8,T1,,,Kup,K10,T1--K10,6/13/17,7/11/17,28,202,197
8,T1,,,Kup,K11,T1--K11,6/13/17,7/11/17,28,257,243
8,T1,,,Kup,K12,T1--K12,6/13/17,7/11/17,28,252,248
8,T1,,,Kup,K13,T1--K13,6/13/17,7/11/17,28,224,218
8,T1,,,Kup,K14,T1--K14,6/13/17,7/11/17,28,247,245
8,T1,,,Kup,K15,T1--K15,6/13/17,7/11/17,28,261,260
8,T1,,,Kup,K16,T1--K16,6/13/17,7/11/17,28,223,212
8,T1,,,Oks 3,O1,T1--O1,6/14/17,7/11/17,27,227,226
8,T1,,,Oks 3,O2,T1--O2,6/14/17,7/11/17,27,196,194
8,T1,,,Oks 3,O4,T1--O4,6/14/17,7/11/17,27,107,107
8,T1,,,Oks 3,O5,T1--O5,6/14/17,7/11/17,27,18,18
8,T1,,,Oks 3,O6,T1--O6,6/14/17,7/11/17,27,40,40
12,T2,A3,,Kup,K01,T2-A3-K01,6/13/17,7/11/17,28,145,143
12,T2,,,Kup,K02,T2--K02,6/13/17,7/11/17,28,188,188
12,T2,,,Kup,K03,T2--K03,6/13/17,7/11/17,28,209,203
12,T2,,,Kup,K04,T2--K04,6/13/17,7/11/17,28,172,160
12,T2,,,Kup,K05,T2--K05,6/13/17,7/11/17,28,151,142
12,T2,,,Kup,K06,T2--K06,6/13/17,7/11/17,28,43,43
12,T2,,,Kup,K07,T2--K07,6/13/17,7/11/17,28,211,204
12,T2,,,Kup,K08,T2--K08,6/13/17,7/11/17,28,243,234
12,T2,,,Kup,K09,T2--K09,6/13/17,7/11/17,28,191,180
12,T2,,,Kup,K10,T2--K10,6/13/17,7/11/17,28,177,170
12,T2,,,Kup,K11,T2--K11,6/13/17,7/11/17,28,172,161
12,T2,,,Kup,K12,T2--K12,6/13/17,7/11/17,28,224,223
12,T2,,,Kup,K13,T2--K13,6/13/17,7/11/17,28,178,159
12,T2,,,Kup,K14,T2--K14,6/13/17,7/11/17,28,205,199
12,T2,,,Kup,K15,T2--K15,6/13/17,7/11/17,28,203,200
12,T2,,,Kup,K16,T2--K16,6/13/17,7/11/17,28,211,205
12,T2,,,Oks 3,O1,T2--O1,6/14/17,7/11/17,27,141,141
12,T2,,,Oks 3,O2,T2--O2,6/14/17,7/11/17,27,192,178
12,T2,,,Oks 3,O4,T2--O4,6/14/17,7/11/17,27,69,64
12,T2,,,Oks 3,O5,T2--O5,6/14/17,7/11/17,27,-2,-2
12,T2,,,Oks 3,O6,T2--O6,6/14/17,7/11/17,27,93,92
16,T3,,,Kup,K02,T3--K02,6/13/17,7/11/17,28,21,21
16,T3,,,Kup,K04,T3--K04,6/13/17,7/11/17,28,48,47
16,T3,,,Kup,K05,T3--K05,6/13/17,7/11/17,28,209,208
16,T3,,,Kup,K07,T3--K07,6/13/17,7/11/17,28,83,79
16,T3,,,Kup,K08,T3--K08,6/13/17,7/11/17,28,24,22
16,T3,,,Kup,K16,T3--K16,6/13/17,7/11/17,28,29,29
16,T3,,,Oks 3,O1,T3--O1,6/14/17,7/11/17,27,18,16
16,T3,,,Oks 3,O2,T3--O2,6/14/17,7/11/17,27,116,114
16,T3,,,Oks 3,O6,T3--O6,6/14/17,7/11/17,27,56,50
8,T1,,,Kup,K01,T1--K01,6/13/17,7/12/17,29,101,99
8,T1,,,Kup,K02,T1--K02,6/13/17,7/12/17,29,205,201
8,T1,,,Kup,K03,T1--K03,6/13/17,7/12/17,29,269,269
8,T1,,,Kup,K04,T1--K04,6/13/17,7/12/17,29,235,234
8,T1,,,Kup,K05,T1--K05,6/13/17,7/12/17,29,184,182
8,T1,,,Kup,K06,T1--K06,6/13/17,7/12/17,29,19,19
8,T1,,,Kup,K07,T1--K07,6/13/17,7/12/17,29,272,272
8,T1,,,Kup,K08,T1--K08,6/13/17,7/12/17,29,271,270
8,T1,,,Kup,K09,T1--K09,6/13/17,7/12/17,29,257,254
8,T1,,,Kup,K10,T1--K10,6/13/17,7/12/17,29,197,196
8,T1,,,Kup,K11,T1--K11,6/13/17,7/12/17,29,243,237
8,T1,,,Kup,K12,T1--K12,6/13/17,7/12/17,29,248,246
8,T1,,,Kup,K13,T1--K13,6/13/17,7/12/17,29,218,216
8,T1,,,Kup,K14,T1--K14,6/13/17,7/12/17,29,245,242
8,T1,,,Kup,K15,T1--K15,6/13/17,7/12/17,29,260,257
8,T1,,,Kup,K16,T1--K16,6/13/17,7/12/17,29,212,212
8,T1,,,Oks 3,O1,T1--O1,6/14/17,7/12/17,28,226,226
8,T1,,,Oks 3,O2,T1--O2,6/14/17,7/12/17,28,194,192
8,T1,,,Oks 3,O4,T1--O4,6/14/17,7/12/17,28,107,105
8,T1,,,Oks 3,O5,T1--O5,6/14/17,7/12/17,28,18,18
8,T1,,,Oks 3,O6,T1--O6,6/14/17,7/12/17,28,40,40
12,T2,A3,,Kup,K01,T2-A3-K01,6/13/17,7/12/17,29,143,142
12,T2,,,Kup,K02,T2--K02,6/13/17,7/12/17,29,188,185
12,T2,,,Kup,K03,T2--K03,6/13/17,7/12/17,29,203,201
12,T2,,,Kup,K04,T2--K04,6/13/17,7/12/17,29,160,153
12,T2,,,Kup,K05,T2--K05,6/13/17,7/12/17,29,142,130
12,T2,,,Kup,K06,T2--K06,6/13/17,7/12/17,29,43,43
12,T2,,,Kup,K07,T2--K07,6/13/17,7/12/17,29,204,196
12,T2,,,Kup,K08,T2--K08,6/13/17,7/12/17,29,234,229
12,T2,,,Kup,K09,T2--K09,6/13/17,7/12/17,29,180,169
12,T2,,,Kup,K10,T2--K10,6/13/17,7/12/17,29,170,169
12,T2,,,Kup,K11,T2--K11,6/13/17,7/12/17,29,161,157
12,T2,,,Kup,K12,T2--K12,6/13/17,7/12/17,29,223,219
12,T2,,,Kup,K13,T2--K13,6/13/17,7/12/17,29,159,139
12,T2,,,Kup,K14,T2--K14,6/13/17,7/12/17,29,199,184
12,T2,,,Kup,K15,T2--K15,6/13/17,7/12/17,29,200,191
12,T2,,,Kup,K16,T2--K16,6/13/17,7/12/17,29,205,201
12,T2,,,Oks 3,O1,T2--O1,6/14/17,7/12/17,28,141,137
12,T2,,,Oks 3,O2,T2--O2,6/14/17,7/12/17,28,178,173
12,T2,,,Oks 3,O4,T2--O4,6/14/17,7/12/17,28,64,64
12,T2,,,Oks 3,O5,T2--O5,6/14/17,7/12/17,28,-2,-2
12,T2,,,Oks 3,O6,T2--O6,6/14/17,7/12/17,28,92,92
16,T3,,,Kup,K02,T3--K02,6/13/17,7/12/17,29,21,21
16,T3,,,Kup,K04,T3--K04,6/13/17,7/12/17,29,47,32
16,T3,,,Kup,K05,T3--K05,6/13/17,7/12/17,29,208,207
16,T3,,,Kup,K07,T3--K07,6/13/17,7/12/17,29,79,73
16,T3,,,Kup,K08,T3--K08,6/13/17,7/12/17,29,22,22
16,T3,,,Kup,K16,T3--K16,6/13/17,7/12/17,29,29,28
16,T3,,,Oks 3,O1,T3--O1,6/14/17,7/12/17,28,16,11
16,T3,,,Oks 3,O2,T3--O2,6/14/17,7/12/17,28,114,96
16,T3,,,Oks 3,O6,T3--O6,6/14/17,7/12/17,28,50,46
8,T1,,,Kup,K01,T1--K01,6/13/17,7/13/17,30,99,89
8,T1,,,Kup,K02,T1--K02,6/13/17,7/13/17,30,201,190
8,T1,,,Kup,K03,T1--K03,6/13/17,7/13/17,30,269,259
8,T1,,,Kup,K04,T1--K04,6/13/17,7/13/17,30,234,224
8,T1,,,Kup,K05,T1--K05,6/13/17,7/13/17,30,182,170
8,T1,,,Kup,K06,T1--K06,6/13/17,7/13/17,30,19,18
8,T1,,,Kup,K07,T1--K07,6/13/17,7/13/17,30,272,261
8,T1,,,Kup,K08,T1--K08,6/13/17,7/13/17,30,270,259
8,T1,,,Kup,K09,T1--K09,6/13/17,7/13/17,30,254,250
8,T1,,,Kup,K10,T1--K10,6/13/17,7/13/17,30,196,193
8,T1,,,Kup,K11,T1--K11,6/13/17,7/13/17,30,237,224
8,T1,,,Kup,K12,T1--K12,6/13/17,7/13/17,30,246,236
8,T1,,,Kup,K13,T1--K13,6/13/17,7/13/17,30,216,204
8,T1,,,Kup,K14,T1--K14,6/13/17,7/13/17,30,242,229
8,T1,,,Kup,K15,T1--K15,6/13/17,7/13/17,30,257,256
8,T1,,,Kup,K16,T1--K16,6/13/17,7/13/17,30,212,202
8,T1,,,Oks 3,O1,T1--O1,6/14/17,7/13/17,29,226,223
8,T1,,,Oks 3,O2,T1--O2,6/14/17,7/13/17,29,192,190
8,T1,,,Oks 3,O4,T1--O4,6/14/17,7/13/17,29,105,102
8,T1,,,Oks 3,O5,T1--O5,6/14/17,7/13/17,29,18,18
8,T1,,,Oks 3,O6,T1--O6,6/14/17,7/13/17,29,40,40
12,T2,,,Kup,K01,T2--K01,6/13/17,7/13/17,30,142,140
12,T2,,,Kup,K02,T2--K02,6/13/17,7/13/17,30,185,181
12,T2,,,Kup,K03,T2--K03,6/13/17,7/13/17,30,201,198
12,T2,,,Kup,K04,T2--K04,6/13/17,7/13/17,30,153,150
12,T2,,,Kup,K05,T2--K05,6/13/17,7/13/17,30,130,129
12,T2,,,Kup,K06,T2--K06,6/13/17,7/13/17,30,43,43
12,T2,,,Kup,K07,T2--K07,6/13/17,7/13/17,30,196,193
12,T2,,,Kup,K08,T2--K08,6/13/17,7/13/17,30,229,218
12,T2,,,Kup,K09,T2--K09,6/13/17,7/13/17,30,169,158
12,T2,,,Kup,K10,T2--K10,6/13/17,7/13/17,30,169,159
12,T2,,,Kup,K11,T2--K11,6/13/17,7/13/17,30,157,149
12,T2,,,Kup,K12,T2--K12,6/13/17,7/13/17,30,219,218
12,T2,,,Kup,K13,T2--K13,6/13/17,7/13/17,30,139,138
12,T2,,,Kup,K14,T2--K14,6/13/17,7/13/17,30,184,178
12,T2,,,Kup,K15,T2--K15,6/13/17,7/13/17,30,191,186
12,T2,,,Kup,K16,T2--K16,6/13/17,7/13/17,30,201,191
12,T2,,,Oks 3,O1,T2--O1,6/14/17,7/13/17,29,137,135
12,T2,,,Oks 3,O2,T2--O2,6/14/17,7/13/17,29,173,172
12,T2,,,Oks 3,O4,T2--O4,6/14/17,7/13/17,29,64,64
12,T2,,,Oks 3,O5,T2--O5,6/14/17,7/13/17,29,-2,-2
12,T2,,,Oks 3,O6,T2--O6,6/14/17,7/13/17,29,92,91
16,T3,,,Kup,K02,T3--K02,6/13/17,7/13/17,30,21,21
16,T3,,,Kup,K04,T3--K04,6/13/17,7/13/17,30,32,26
16,T3,,,Kup,K05,T3--K05,6/13/17,7/13/17,30,207,205
16,T3,,,Kup,K07,T3--K07,6/13/17,7/13/17,30,73,67
16,T3,,,Kup,K08,T3--K08,6/13/17,7/13/17,30,22,22
16,T3,,,Kup,K16,T3--K16,6/13/17,7/13/17,30,28,28
16,T3,,,Oks 3,O1,T3--O1,6/14/17,7/13/17,29,11,9
16,T3,,,Oks 3,O2,T3--O2,6/14/17,7/13/17,29,96,92
16,T3,,,Oks 3,O6,T3--O6,6/14/17,7/13/17,29,46,42
8,T1,,,Kup,K01,T1--K01,6/13/17,7/14/17,31,89,89
8,T1,,,Kup,K02,T1--K02,6/13/17,7/14/17,31,190,189
8,T1,,,Kup,K03,T1--K03,6/13/17,7/14/17,31,259,257
8,T1,,,Kup,K04,T1--K04,6/13/17,7/14/17,31,224,224
8,T1,,,Kup,K05,T1--K05,6/13/17,7/14/17,31,170,170
8,T1,,,Kup,K06,T1--K06,6/13/17,7/14/17,31,18,18
8,T1,,,Kup,K07,T1--K07,6/13/17,7/14/17,31,261,260
8,T1,,,Kup,K08,T1--K08,6/13/17,7/14/17,31,259,258
8,T1,,,Kup,K09,T1--K09,6/13/17,7/14/17,31,250,250
8,T1,,,Kup,K10,T1--K10,6/13/17,7/14/17,31,193,192
8,T1,,,Kup,K11,T1--K11,6/13/17,7/14/17,31,224,221
8,T1,,,Kup,K12,T1--K12,6/13/17,7/14/17,31,236,236
8,T1,,,Kup,K13,T1--K13,6/13/17,7/14/17,31,204,204
8,T1,,,Kup,K14,T1--K14,6/13/17,7/14/17,31,229,229
8,T1,,,Kup,K15,T1--K15,6/13/17,7/14/17,31,256,256
8,T1,,,Kup,K16,T1--K16,6/13/17,7/14/17,31,202,202
8,T1,,,Oks 3,O1,T1--O1,6/14/17,7/14/17,30,223,223
8,T1,,,Oks 3,O2,T1--O2,6/14/17,7/14/17,30,190,189
8,T1,,,Oks 3,O4,T1--O4,6/14/17,7/14/17,30,102,100
8,T1,,,Oks 3,O5,T1--O5,6/14/17,7/14/17,30,18,18
8,T1,,,Oks 3,O6,T1--O6,6/14/17,7/14/17,30,40,38
12,T2,,,Kup,K01,T2--K01,6/13/17,7/14/17,31,140,140
12,T2,,,Kup,K02,T2--K02,6/13/17,7/14/17,31,181,180
12,T2,,,Kup,K03,T2--K03,6/13/17,7/14/17,31,198,194
12,T2,,,Kup,K04,T2--K04,6/13/17,7/14/17,31,150,149
12,T2,,,Kup,K05,T2--K05,6/13/17,7/14/17,31,129,129
12,T2,,,Kup,K06,T2--K06,6/13/17,7/14/17,31,43,42
12,T2,,,Kup,K07,T2--K07,6/13/17,7/14/17,31,193,193
12,T2,,,Kup,K08,T2--K08,6/13/17,7/14/17,31,218,218
12,T2,,,Kup,K09,T2--K09,6/13/17,7/14/17,31,158,156
12,T2,,,Kup,K10,T2--K10,6/13/17,7/14/17,31,159,157
12,T2,,,Kup,K11,T2--K11,6/13/17,7/14/17,31,149,147
12,T2,,,Kup,K12,T2--K12,6/13/17,7/14/17,31,218,214
12,T2,,,Kup,K13,T2--K13,6/13/17,7/14/17,31,138,138
12,T2,,,Kup,K14,T2--K14,6/13/17,7/14/17,31,178,178
12,T2,,,Kup,K15,T2--K15,6/13/17,7/14/17,31,186,185
12,T2,,,Kup,K16,T2--K16,6/13/17,7/14/17,31,191,190
12,T2,,,Oks 3,O1,T2--O1,6/14/17,7/14/17,30,135,135
12,T2,,,Oks 3,O2,T2--O2,6/14/17,7/14/17,30,172,167
12,T2,,,Oks 3,O4,T2--O4,6/14/17,7/14/17,30,64,59
12,T2,,,Oks 3,O5,T2--O5,6/14/17,7/14/17,30,-2,-2
12,T2,,,Oks 3,O6,T2--O6,6/14/17,7/14/17,30,91,91
16,T3,,,Kup,K02,T3--K02,6/13/17,7/14/17,31,21,21
16,T3,,,Kup,K04,T3--K04,6/13/17,7/14/17,31,26,26
16,T3,,,Kup,K05,T3--K05,6/13/17,7/14/17,31,205,204
16,T3,,,Kup,K07,T3--K07,6/13/17,7/14/17,31,67,55
16,T3,,,Kup,K08,T3--K08,6/13/17,7/14/17,31,22,21
16,T3,,,Kup,K16,T3--K16,6/13/17,7/14/17,31,28,27
16,T3,,,Oks 3,O1,T3--O1,6/14/17,7/14/17,30,9,9
16,T3,,,Oks 3,O2,T3--O2,6/14/17,7/14/17,30,92,92
16,T3,,,Oks 3,O6,T3--O6,6/14/17,7/14/17,30,42,41
8,T1,,,Kup,K01,T1--K01,6/13/17,7/15/17,32,89,89
8,T1,,,Kup,K02,T1--K02,6/13/17,7/15/17,32,189,189
8,T1,,,Kup,K03,T1--K03,6/13/17,7/15/17,32,257,257
8,T1,,,Kup,K04,T1--K04,6/13/17,7/15/17,32,224,224
8,T1,,,Kup,K05,T1--K05,6/13/17,7/15/17,32,170,168
8,T1,,,Kup,K06,T1--K06,6/13/17,7/15/17,32,18,18
8,T1,,,Kup,K07,T1--K07,6/13/17,7/15/17,32,260,258
8,T1,,,Kup,K08,T1--K08,6/13/17,7/15/17,32,258,257
8,T1,,,Kup,K09,T1--K09,6/13/17,7/15/17,32,250,250
8,T1,,,Kup,K10,T1--K10,6/13/17,7/15/17,32,192,192
8,T1,,,Kup,K11,T1--K11,6/13/17,7/15/17,32,221,221
8,T1,,,Kup,K12,T1--K12,6/13/17,7/15/17,32,236,236
8,T1,,,Kup,K13,T1--K13,6/13/17,7/15/17,32,204,203
8,T1,,,Kup,K14,T1--K14,6/13/17,7/15/17,32,229,229
8,T1,,,Kup,K15,T1--K15,6/13/17,7/15/17,32,256,256
8,T1,,,Kup,K16,T1--K16,6/13/17,7/15/17,32,202,202
8,T1,,,Oks 3,O1,T1--O1,6/14/17,7/15/17,31,223,222
8,T1,,,Oks 3,O2,T1--O2,6/14/17,7/15/17,31,189,188
8,T1,,,Oks 3,O4,T1--O4,6/14/17,7/15/17,31,100,100
8,T1,,,Oks 3,O5,T1--O5,6/14/17,7/15/17,31,18,18
8,T1,,,Oks 3,O6,T1--O6,6/14/17,7/15/17,31,38,38
12,T2,,,Kup,K01,T2--K01,6/13/17,7/15/17,32,140,137
12,T2,,,Kup,K02,T2--K02,6/13/17,7/15/17,32,180,180
12,T2,,,Kup,K03,T2--K03,6/13/17,7/15/17,32,194,193
12,T2,,,Kup,K04,T2--K04,6/13/17,7/15/17,32,149,148
12,T2,,,Kup,K05,T2--K05,6/13/17,7/15/17,32,129,129
12,T2,,,Kup,K06,T2--K06,6/13/17,7/15/17,32,42,42
12,T2,,,Kup,K07,T2--K07,6/13/17,7/15/17,32,193,193
12,T2,,,Kup,K08,T2--K08,6/13/17,7/15/17,32,218,218
12,T2,,,Kup,K09,T2--K09,6/13/17,7/15/17,32,156,156
12,T2,,,Kup,K10,T2--K10,6/13/17,7/15/17,32,157,153
12,T2,,,Kup,K11,T2--K11,6/13/17,7/15/17,32,147,147
12,T2,,,Kup,K12,T2--K12,6/13/17,7/15/17,32,214,213
12,T2,,,Kup,K13,T2--K13,6/13/17,7/15/17,32,138,138
12,T2,,,Kup,K14,T2--K14,6/13/17,7/15/17,32,178,177
12,T2,,,Kup,K15,T2--K15,6/13/17,7/15/17,32,185,185
12,T2,,,Kup,K16,T2--K16,6/13/17,7/15/17,32,190,190
12,T2,,,Oks 3,O1,T2--O1,6/14/17,7/15/17,31,135,135
12,T2,,,Oks 3,O2,T2--O2,6/14/17,7/15/17,31,167,167
12,T2,,,Oks 3,O4,T2--O4,6/14/17,7/15/17,31,59,57
12,T2,,,Oks 3,O5,T2--O5,6/14/17,7/15/17,31,-2,-2
12,T2,,,Oks 3,O6,T2--O6,6/14/17,7/15/17,31,91,91
16,T3,,,Kup,K02,T3--K02,6/13/17,7/15/17,32,21,21
16,T3,,,Kup,K04,T3--K04,6/13/17,7/15/17,32,26,25
16,T3,,,Kup,K05,T3--K05,6/13/17,7/15/17,32,204,204
16,T3,,,Kup,K07,T3--K07,6/13/17,7/15/17,32,55,49
16,T3,,,Kup,K08,T3--K08,6/13/17,7/15/17,32,21,19
16,T3,,,Oks 3,O1,T3--O1,6/14/17,7/15/17,31,9,9
16,T3,,,Oks 3,O2,T3--O2,6/14/17,7/15/17,31,92,92
16,T3,,,Oks 3,O6,T3--O6,6/14/17,7/15/17,31,41,33
8,T1,,,Kup,K01,T1--K01,6/13/17,7/16/17,33,89,89
8,T1,,,Kup,K02,T1--K02,6/13/17,7/16/17,33,189,189
8,T1,,,Kup,K03,T1--K03,6/13/17,7/16/17,33,257,256
8,T1,,,Kup,K04,T1--K04,6/13/17,7/16/17,33,224,224
8,T1,,,Kup,K05,T1--K05,6/13/17,7/16/17,33,168,168
8,T1,,,Kup,K06,T1--K06,6/13/17,7/16/17,33,18,17
8,T1,,,Kup,K07,T1--K07,6/13/17,7/16/17,33,258,257
8,T1,,,Kup,K08,T1--K08,6/13/17,7/16/17,33,257,257
8,T1,,,Kup,K09,T1--K09,6/13/17,7/16/17,33,250,249
8,T1,,,Kup,K10,T1--K10,6/13/17,7/16/17,33,192,192
8,T1,,,Kup,K11,T1--K11,6/13/17,7/16/17,33,221,220
8,T1,,,Kup,K12,T1--K12,6/13/17,7/16/17,33,236,236
8,T1,,,Kup,K13,T1--K13,6/13/17,7/16/17,33,203,203
8,T1,,,Kup,K14,T1--K14,6/13/17,7/16/17,33,229,229
8,T1,,,Kup,K15,T1--K15,6/13/17,7/16/17,33,256,254
8,T1,,,Kup,K16,T1--K16,6/13/17,7/16/17,33,202,201
8,T1,,,Oks 3,O1,T1--O1,6/14/17,7/16/17,32,222,222
8,T1,,,Oks 3,O2,T1--O2,6/14/17,7/16/17,32,188,187
8,T1,,,Oks 3,O4,T1--O4,6/14/17,7/16/17,32,100,99
8,T1,,,Oks 3,O5,T1--O5,6/14/17,7/16/17,32,18,18
8,T1,,,Oks 3,O6,T1--O6,6/14/17,7/16/17,32,38,38
12,T2,,,Kup,K01,T2--K01,6/13/17,7/16/17,33,137,134
12,T2,,,Kup,K02,T2--K02,6/13/17,7/16/17,33,180,180
12,T2,,,Kup,K03,T2--K03,6/13/17,7/16/17,33,193,193
12,T2,,,Kup,K04,T2--K04,6/13/17,7/16/17,33,148,148
12,T2,,,Kup,K05,T2--K05,6/13/17,7/16/17,33,129,129
12,T2,,,Kup,K06,T2--K06,6/13/17,7/16/17,33,42,42
12,T2,,,Kup,K07,T2--K07,6/13/17,7/16/17,33,193,193
12,T2,,,Kup,K08,T2--K08,6/13/17,7/16/17,33,218,218
12,T2,,,Kup,K09,T2--K09,6/13/17,7/16/17,33,156,155
12,T2,,,Kup,K10,T2--K10,6/13/17,7/16/17,33,153,148
12,T2,,,Kup,K11,T2--K11,6/13/17,7/16/17,33,147,146
12,T2,,,Kup,K12,T2--K12,6/13/17,7/16/17,33,213,213
12,T2,,,Kup,K13,T2--K13,6/13/17,7/16/17,33,138,138
12,T2,,,Kup,K14,T2--K14,6/13/17,7/16/17,33,177,177
12,T2,,,Kup,K15,T2--K15,6/13/17,7/16/17,33,185,185
12,T2,,,Kup,K16,T2--K16,6/13/17,7/16/17,33,190,189
12,T2,,,Oks 3,O1,T2--O1,6/14/17,7/16/17,32,135,134
12,T2,,,Oks 3,O2,T2--O2,6/14/17,7/16/17,32,167,167
12,T2,,,Oks 3,O4,T2--O4,6/14/17,7/16/17,32,57,56
12,T2,,,Oks 3,O5,T2--O5,6/14/17,7/16/17,32,-2,-2
12,T2,,,Oks 3,O6,T2--O6,6/14/17,7/16/17,32,91,91
16,T3,,,Kup,K02,T3--K02,6/13/17,7/16/17,33,21,19
16,T3,,,Kup,K04,T3--K04,6/13/17,7/16/17,33,25,23
16,T3,,,Kup,K05,T3--K05,6/13/17,7/16/17,33,204,204
16,T3,,,Kup,K07,T3--K07,6/13/17,7/16/17,33,49,44
16,T3,,,Kup,K08,T3--K08,6/13/17,7/16/17,33,19,19
16,T3,,,Kup,K13,T3--K13,6/13/17,7/16/17,33,27,27
16,T3,,,Oks 3,O1,T3--O1,6/14/17,7/16/17,32,9,9
16,T3,,,Oks 3,O2,T3--O2,6/14/17,7/16/17,32,92,90
16,T3,,,Oks 3,O6,T3--O6,6/14/17,7/16/17,32,33,29
8,T1,,,Kup,K01,T1--K01,6/13/17,7/17/17,34,89,89
8,T1,,,Kup,K02,T1--K02,6/13/17,7/17/17,34,189,188
8,T1,,,Kup,K03,T1--K03,6/13/17,7/17/17,34,256,256
8,T1,,,Kup,K04,T1--K04,6/13/17,7/17/17,34,224,224
8,T1,,,Kup,K05,T1--K05,6/13/17,7/17/17,34,168,168
8,T1,,,Kup,K06,T1--K06,6/13/17,7/17/17,34,17,16
8,T1,,,Kup,K07,T1--K07,6/13/17,7/17/17,34,257,253
8,T1,,,Kup,K08,T1--K08,6/13/17,7/17/17,34,257,257
8,T1,,,Kup,K09,T1--K09,6/13/17,7/17/17,34,249,249
8,T1,,,Kup,K10,T1--K10,6/13/17,7/17/17,34,192,191
8,T1,,,Kup,K11,T1--K11,6/13/17,7/17/17,34,220,220
8,T1,,,Kup,K12,T1--K12,6/13/17,7/17/17,34,236,236
8,T1,,,Kup,K13,T1--K13,6/13/17,7/17/17,34,203,202
8,T1,,,Kup,K14,T1--K14,6/13/17,7/17/17,34,229,229
8,T1,,,Kup,K15,T1--K15,6/13/17,7/17/17,34,254,254
8,T1,,,Kup,K16,T1--K16,6/13/17,7/17/17,34,201,201
8,T1,,,Oks 3,O1,T1--O1,6/14/17,7/17/17,33,222,222
8,T1,,,Oks 3,O2,T1--O2,6/14/17,7/17/17,33,187,187
8,T1,,,Oks 3,O4,T1--O4,6/14/17,7/17/17,33,99,99
8,T1,,,Oks 3,O5,T1--O5,6/14/17,7/17/17,33,18,18
8,T1,,,Oks 3,O6,T1--O6,6/14/17,7/17/17,33,38,38
12,T2,,,Kup,K01,T2--K01,6/13/17,7/17/17,34,134,129
12,T2,,,Kup,K02,T2--K02,6/13/17,7/17/17,34,180,176
12,T2,,,Kup,K03,T2--K03,6/13/17,7/17/17,34,193,186
12,T2,,,Kup,K04,T2--K04,6/13/17,7/17/17,34,148,138
12,T2,,,Kup,K05,T2--K05,6/13/17,7/17/17,34,129,129
12,T2,,,Kup,K06,T2--K06,6/13/17,7/17/17,34,42,41
12,T2,,,Kup,K07,T2--K07,6/13/17,7/17/17,34,193,193
12,T2,,,Kup,K08,T2--K08,6/13/17,7/17/17,34,218,217
12,T2,,,Kup,K09,T2--K09,6/13/17,7/17/17,34,155,152
12,T2,,,Kup,K10,T2--K10,6/13/17,7/17/17,34,148,147
12,T2,,,Kup,K11,T2--K11,6/13/17,7/17/17,34,146,144
12,T2,,,Kup,K12,T2--K12,6/13/17,7/17/17,34,213,210
12,T2,,,Kup,K13,T2--K13,6/13/17,7/17/17,34,138,138
12,T2,,,Kup,K14,T2--K14,6/13/17,7/17/17,34,177,177
12,T2,,,Kup,K15,T2--K15,6/13/17,7/17/17,34,185,185
12,T2,,,Kup,K16,T2--K16,6/13/17,7/17/17,34,189,189
12,T2,,,Oks 3,O1,T2--O1,6/14/17,7/17/17,33,134,132
12,T2,,,Oks 3,O2,T2--O2,6/14/17,7/17/17,33,167,163
12,T2,,,Oks 3,O4,T2--O4,6/14/17,7/17/17,33,56,52
12,T2,,,Oks 3,O5,T2--O5,6/14/17,7/17/17,33,-2,-2
12,T2,,,Oks 3,O6,T2--O6,6/14/17,7/17/17,33,91,91
16,T3,,,Kup,K02,T3--K02,6/13/17,7/17/17,34,19,19
16,T3,,,Kup,K04,T3--K04,6/13/17,7/17/17,34,23,23
16,T3,,,Kup,K05,T3--K05,6/13/17,7/17/17,34,204,204
16,T3,,,Kup,K07,T3--K07,6/13/17,7/17/17,34,44,35
16,T3,,,Kup,K08,T3--K08,6/13/17,7/17/17,34,19,19
16,T3,,,Kup,K16,T3--K16,6/13/17,7/17/17,34,27,27
16,T3,,,Oks 3,O1,T3--O1,6/14/17,7/17/17,33,9,8
16,T3,,,Oks 3,O2,T3--O2,6/14/17,7/17/17,33,90,89
16,T3,,,Oks 3,O6,T3--O6,6/14/17,7/17/17,33,29,21
8,T1,,,Kup,K01,T1--K01,6/13/17,7/18/17,35,89,79
8,T1,,,Kup,K02,T1--K02,6/13/17,7/18/17,35,188,178
8,T1,,,Kup,K03,T1--K03,6/13/17,7/18/17,35,256,243
8,T1,,,Kup,K04,T1--K04,6/13/17,7/18/17,35,224,210
8,T1,,,Kup,K05,T1--K05,6/13/17,7/18/17,35,168,156
8,T1,,,Kup,K06,T1--K06,6/13/17,7/18/17,35,16,16
8,T1,,,Kup,K07,T1--K07,6/13/17,7/18/17,35,253,242
8,T1,,,Kup,K08,T1--K08,6/13/17,7/18/17,35,257,251
8,T1,,,Kup,K09,T1--K09,6/13/17,7/18/17,35,249,239
8,T1,,,Kup,K10,T1--K10,6/13/17,7/18/17,35,192,180
8,T1,,,Kup,K11,T1--K11,6/13/17,7/18/17,35,220,210
8,T1,,,Kup,K12,T1--K12,6/13/17,7/18/17,35,236,224
8,T1,,,Kup,K13,T1--K13,6/13/17,7/18/17,35,202,192
8,T1,,,Kup,K14,T1--K14,6/13/17,7/18/17,35,229,218
8,T1,,,Kup,K15,T1--K15,6/13/17,7/18/17,35,254,243
8,T1,,,Kup,K16,T1--K16,6/13/17,7/18/17,35,201,190
8,T1,,,Oks 3,O1,T1--O1,6/14/17,7/18/17,34,222,222
8,T1,,,Oks 3,O2,T1--O2,6/14/17,7/18/17,34,187,186
8,T1,,,Oks 3,O4,T1--O4,6/14/17,7/18/17,34,99,99
8,T1,,,Oks 3,O5,T1--O5,6/14/17,7/18/17,34,18,18
8,T1,,,Oks 3,O6,T1--O6,6/14/17,7/18/17,34,38,38
12,T2,,,Kup,K01,T2--K01,6/13/17,7/18/17,35,129,121
12,T2,,,Kup,K02,T2--K02,6/13/17,7/18/17,35,176,171
12,T2,,,Kup,K03,T2--K03,6/13/17,7/18/17,35,186,177
12,T2,,,Kup,K04,T2--K04,6/13/17,7/18/17,35,138,133
12,T2,,,Kup,K05,T2--K05,6/13/17,7/18/17,35,129,124
12,T2,,,Kup,K06,T2--K06,6/13/17,7/18/17,35,41,39
12,T2,,,Kup,K07,T2--K07,6/13/17,7/18/17,35,193,188
12,T2,,,Kup,K08,T2--K08,6/13/17,7/18/17,35,217,212
12,T2,,,Kup,K09,T2--K09,6/13/17,7/18/17,35,152,141
12,T2,,,Kup,K10,T2--K10,6/13/17,7/18/17,35,147,142
12,T2,,,Kup,K11,T2--K11,6/13/17,7/18/17,35,144,139
12,T2,,,Kup,K12,T2--K12,6/13/17,7/18/17,35,210,205
12,T2,,,Kup,K13,T2--K13,6/13/17,7/18/17,35,138,133
12,T2,,,Kup,K14,T2--K14,6/13/17,7/18/17,35,177,171
12,T2,,,Kup,K15,T2--K15,6/13/17,7/18/17,35,185,180
12,T2,,,Kup,K16,T2--K16,6/13/17,7/18/17,35,189,184
12,T2,,,Oks 3,O1,T2--O1,6/14/17,7/18/17,34,132,123
12,T2,,,Oks 3,O2,T2--O2,6/14/17,7/18/17,34,163,160
12,T2,,,Oks 3,O4,T2--O4,6/14/17,7/18/17,34,52,46
12,T2,,,Oks 3,O5,T2--O5,6/14/17,7/18/17,34,-2,-2
12,T2,,,Oks 3,O6,T2--O6,6/14/17,7/18/17,34,91,89
16,T3,,,Kup,K02,T3--K02,6/13/17,7/18/17,35,19,19
16,T3,,,Kup,K04,T3--K04,6/13/17,7/18/17,35,23,22
16,T3,,,Kup,K05,T3--K05,6/13/17,7/18/17,35,204,204
16,T3,,,Kup,K07,T3--K07,6/13/17,7/18/17,35,35,33
16,T3,,,Kup,K08,T3--K08,6/13/17,7/18/17,35,19,18
16,T3,,,Kup,K16,T3--K16,6/13/17,7/18/17,35,27,22
16,T3,,,Oks 3,O1,T3--O1,6/14/17,7/18/17,34,8,8
16,T3,,,Oks 3,O2,T3--O2,6/14/17,7/18/17,34,89,88
16,T3,,,Oks 3,O6,T3--O6,6/14/17,7/18/17,34,21,20
8,T1,,,Kup,K01,T1--K01,6/13/17,7/19/17,36,79,79
8,T1,,,Kup,K02,T1--K02,6/13/17,7/19/17,36,178,177
8,T1,,,Kup,K03,T1--K03,6/13/17,7/19/17,36,243,242
8,T1,,,Kup,K04,T1--K04,6/13/17,7/19/17,36,210,210
8,T1,,,Kup,K05,T1--K05,6/13/17,7/19/17,36,156,156
8,T1,,,Kup,K06,T1--K06,6/13/17,7/19/17,36,16,16
8,T1,,,Kup,K07,T1--K07,6/13/17,7/19/17,36,242,240
8,T1,,,Kup,K08,T1--K08,6/13/17,7/19/17,36,251,249
8,T1,,,Kup,K09,T1--K09,6/13/17,7/19/17,36,239,239
8,T1,,,Kup,K10,T1--K10,6/13/17,7/19/17,36,180,178
8,T1,,,Kup,K11,T1--K11,6/13/17,7/19/17,36,210,208
8,T1,,,Kup,K12,T1--K12,6/13/17,7/19/17,36,224,223
8,T1,,,Kup,K13,T1--K13,6/13/17,7/19/17,36,192,185
8,T1,,,Kup,K14,T1--K14,6/13/17,7/19/17,36,218,217
8,T1,,,Kup,K15,T1--K15,6/13/17,7/19/17,36,243,241
8,T1,,,Kup,K16,T1--K16,6/13/17,7/19/17,36,190,190
8,T1,,,Oks 3,O1,T1--O1,6/14/17,7/19/17,35,222,212
8,T1,,,Oks 3,O2,T1--O2,6/14/17,7/19/17,35,186,176
8,T1,,,Oks 3,O4,T1--O4,6/14/17,7/19/17,35,99,85
8,T1,,,Oks 3,O5,T1--O5,6/14/17,7/19/17,35,18,18
8,T1,,,Oks 3,O6,T1--O6,6/14/17,7/19/17,35,38,27
12,T2,,,Kup,K01,T2--K01,6/13/17,7/19/17,36,121,120
12,T2,,,Kup,K02,T2--K02,6/13/17,7/19/17,36,171,169
12,T2,,,Kup,K03,T2--K03,6/13/17,7/19/17,36,177,174
12,T2,,,Kup,K04,T2--K04,6/13/17,7/19/17,36,133,132
12,T2,,,Kup,K05,T2--K05,6/13/17,7/19/17,36,124,124
12,T2,,,Kup,K06,T2--K06,6/13/17,7/19/17,36,39,39
12,T2,,,Kup,K07,T2--K07,6/13/17,7/19/17,36,188,188
12,T2,,,Kup,K08,T2--K08,6/13/17,7/19/17,36,212,211
12,T2,,,Oks 3,O1,T2--O1,6/14/17,7/19/17,35,123,115
12,T2,,,Oks 3,O2,T2--O2,6/14/17,7/19/17,35,160,151
12,T2,,,Oks 3,O4,T2--O4,6/14/17,7/19/17,35,46,41
12,T2,,,Oks 3,O5,T2--O5,6/14/17,7/19/17,35,-2,-3
12,T2,,,Oks 3,O6,T2--O6,6/14/17,7/19/17,35,89,79
16,T3,,,Kup,K02,T3--K02,6/13/17,7/19/17,36,19,19
16,T3,,,Kup,K04,T3--K04,6/13/17,7/19/17,36,22,19
16,T3,,,Kup,K05,T3--K05,6/13/17,7/19/17,36,204,203
16,T3,,,Kup,K07,T3--K07,6/13/17,7/19/17,36,33,32
16,T3,,,Kup,K08,T3--K08,6/13/17,7/19/17,36,18,18
16,T3,,,Kup,K16,T3--K16,6/13/17,7/19/17,36,22,17
16,T3,,,Oks 3,O1,T3--O1,6/14/17,7/19/17,35,8,8
16,T3,,,Oks 3,O2,T3--O2,6/14/17,7/19/17,35,88,80
16,T3,,,Oks 3,O6,T3--O6,6/14/17,7/19/17,35,20,16
8,T1,,,Kup,K01,T1--K01,6/13/17,7/20/17,37,79,78
8,T1,,,Kup,K02,T1--K02,6/13/17,7/20/17,37,177,177
8,T1,,,Kup,K03,T1--K03,6/13/17,7/20/17,37,242,240
8,T1,,,Kup,K04,T1--K04,6/13/17,7/20/17,37,210,209
8,T1,,,Kup,K05,T1--K05,6/13/17,7/20/17,37,156,154
8,T1,,,Kup,K06,T1--K06,6/13/17,7/20/17,37,16,15
8,T1,,,Kup,K07,T1--K07,6/13/17,7/20/17,37,240,239
8,T1,,,Kup,K08,T1--K08,6/13/17,7/20/17,37,249,249
8,T1,,,Kup,K09,T1--K09,6/13/17,7/20/17,37,239,238
8,T1,,,Kup,K10,T1--K10,6/13/17,7/20/17,37,178,177
8,T1,,,Kup,K11,T1--K11,6/13/17,7/20/17,37,208,208
8,T1,,,Kup,K12,T1--K12,6/13/17,7/20/17,37,223,223
8,T1,,,Kup,K13,T1--K13,6/13/17,7/20/17,37,185,184
8,T1,,,Kup,K14,T1--K14,6/13/17,7/20/17,37,217,217
8,T1,,,Kup,K15,T1--K15,6/13/17,7/20/17,37,241,240
8,T1,,,Kup,K16,T1--K16,6/13/17,7/20/17,37,190,190
8,T1,,,Oks 3,O1,T1--O1,6/14/17,7/20/17,36,212,212
8,T1,,,Oks 3,O2,T1--O2,6/14/17,7/20/17,36,176,175
8,T1,,,Oks 3,O4,T1--O4,6/14/17,7/20/17,36,85,85
8,T1,,,Oks 3,O5,T1--O5,6/14/17,7/20/17,36,18,18
8,T1,,,Oks 3,O6,T1--O6,6/14/17,7/20/17,36,27,27
12,T2,,,Kup,K01,T2--K01,6/13/17,7/20/17,37,120,120
12,T2,,,Kup,K02,T2--K02,6/13/17,7/20/17,37,169,168
12,T2,,,Kup,K03,T2--K03,6/13/17,7/20/17,37,174,174
12,T2,,,Kup,K04,T2--K04,6/13/17,7/20/17,37,132,132
12,T2,,,Kup,K05,T2--K05,6/13/17,7/20/17,37,124,124
12,T2,,,Kup,K06,T2--K06,6/13/17,7/20/17,37,39,38
12,T2,,,Kup,K07,T2--K07,6/13/17,7/20/17,37,188,188
12,T2,,,Kup,K08,T2--K08,6/13/17,7/20/17,37,211,210
12,T2,,,Kup,K09,T2--K09,6/13/17,7/20/17,37,141,136
12,T2,,,Kup,K10,T2--K10,6/13/17,7/20/17,37,142,136
12,T2,,,Kup,K11,T2--K11,6/13/17,7/20/17,37,139,139
12,T2,,,Kup,K12,T2--K12,6/13/17,7/20/17,37,205,201
12,T2,,,Kup,K13,T2--K13,6/13/17,7/20/17,37,133,132
12,T2,,,Kup,K14,T2--K14,6/13/17,7/20/17,37,171,171
12,T2,,,Kup,K15,T2--K15,6/13/17,7/20/17,37,180,180
12,T2,,,Kup,K16,T2--K16,6/13/17,7/20/17,37,184,184
12,T2,,,Oks 3,O1,T2--O1,6/14/17,7/20/17,36,115,108
12,T2,,,Oks 3,O2,T2--O2,6/14/17,7/20/17,36,151,147
12,T2,,,Oks 3,O4,T2--O4,6/14/17,7/20/17,36,41,39
12,T2,,,Oks 3,O5,T2--O5,6/14/17,7/20/17,36,-3,-3
12,T2,,,Oks 3,O6,T2--O6,6/14/17,7/20/17,36,79,77
16,T3,,,Kup,K02,T3--K02,6/13/17,7/20/17,37,19,19
16,T3,,,Kup,K04,T3--K04,6/13/17,7/20/17,37,19,19
16,T3,,,Kup,K05,T3--K05,6/13/17,7/20/17,37,203,203
16,T3,,,Kup,K07,T3--K07,6/13/17,7/20/17,37,32,29
16,T3,,,Kup,K08,T3--K08,6/13/17,7/20/17,37,18,18
16,T3,,,Kup,K16,T3--K16,6/13/17,7/20/17,37,17,16
16,T3,,,Oks 3,O1,T3--O1,6/14/17,7/20/17,36,8,7
16,T3,,,Oks 3,O2,T3--O2,6/14/17,7/20/17,36,80,79
16,T3,,,Oks 3,O6,T3--O6,6/14/17,7/20/17,36,16,16
8,T1,,,Kup,K01,T1--K01,6/13/17,7/21/17,38,78,78
8,T1,,,Kup,K02,T1--K02,6/13/17,7/21/17,38,177,175
8,T1,,,Kup,K03,T1--K03,6/13/17,7/21/17,38,240,240
8,T1,,,Kup,K04,T1--K04,6/13/17,7/21/17,38,209,206
8,T1,,,Kup,K05,T1--K05,6/13/17,7/21/17,38,154,154
8,T1,,,Kup,K06,T1--K06,6/13/17,7/21/17,38,15,15
8,T1,,,Kup,K07,T1--K07,6/13/17,7/21/17,38,239,238
8,T1,,,Kup,K08,T1--K08,6/13/17,7/21/17,38,249,249
8,T1,,,Kup,K09,T1--K09,6/13/17,7/21/17,38,238,238
8,T1,,,Kup,K10,T1--K10,6/13/17,7/21/17,38,177,173
8,T1,,,Kup,K11,T1--K11,6/13/17,7/21/17,38,208,203
8,T1,,,Kup,K12,T1--K12,6/13/17,7/21/17,38,223,222
8,T1,,,Kup,K13,T1--K13,6/13/17,7/21/17,38,184,184
8,T1,,,Kup,K14,T1--K14,6/13/17,7/21/17,38,217,217
8,T1,,,Kup,K15,T1--K15,6/13/17,7/21/17,38,240,240
8,T1,,,Kup,K16,T1--K16,6/13/17,7/21/17,38,190,190
8,T1,,,Oks 3,O1,T1--O1,6/14/17,7/21/17,37,212,206
8,T1,,,Oks 3,O2,T1--O2,6/14/17,7/21/17,37,175,167
8,T1,,,Oks 3,O4,T1--O4,6/14/17,7/21/17,37,85,85
8,T1,,,Oks 3,O5,T1--O5,6/14/17,7/21/17,37,18,18
8,T1,,,Oks 3,O6,T1--O6,6/14/17,7/21/17,37,27,27
12,T2,,,Kup,K01,T2--K01,6/13/17,7/21/17,38,120,119
12,T2,,,Kup,K02,T2--K02,6/13/17,7/21/17,38,168,167
12,T2,,,Kup,K03,T2--K03,6/13/17,7/21/17,38,174,174
12,T2,,,Kup,K04,T2--K04,6/13/17,7/21/17,38,132,132
12,T2,,,Kup,K05,T2--K05,6/13/17,7/21/17,38,124,123
12,T2,,,Kup,K06,T2--K06,6/13/17,7/21/17,38,38,37
12,T2,,,Kup,K07,T2--K07,6/13/17,7/21/17,38,188,186
12,T2,,,Kup,K08,T2--K08,6/13/17,7/21/17,38,210,206
12,T2,,,Kup,K09,T2--K09,6/13/17,7/21/17,38,136,134
12,T2,,,Kup,K10,T2--K10,6/13/17,7/21/17,38,136,134
12,T2,,,Kup,K11,T2--K11,6/13/17,7/21/17,38,139,136
12,T2,,,Kup,K12,T2--K12,6/13/17,7/21/17,38,201,196
12,T2,,,Kup,K13,T2--K13,6/13/17,7/21/17,38,132,132
12,T2,,,Kup,K14,T2--K14,6/13/17,7/21/17,38,171,171
12,T2,,,Kup,K15,T2--K15,6/13/17,7/21/17,38,180,180
12,T2,,,Kup,K16,T2--K16,6/13/17,7/21/17,38,184,184
12,T2,,,Oks 3,O1,T2--O1,6/14/17,7/21/17,37,108,100
12,T2,,,Oks 3,O2,T2--O2,6/14/17,7/21/17,37,147,142
12,T2,,,Oks 3,O4,T2--O4,6/14/17,7/21/17,37,39,34
12,T2,,,Oks 3,O5,T2--O5,6/14/17,7/21/17,37,-3,-3
12,T2,,,Oks 3,O6,T2--O6,6/14/17,7/21/17,37,77,76
16,T3,,,Kup,K02,T3--K02,6/13/17,7/21/17,38,19,19
16,T3,,,Kup,K04,T3--K04,6/13/17,7/21/17,38,19,19
16,T3,,,Kup,K05,T3--K05,6/13/17,7/21/17,38,203,202
16,T3,,,Kup,K07,T3--K07,6/13/17,7/21/17,38,29,28
16,T3,,,Kup,K08,T3--K08,6/13/17,7/21/17,38,18,18
16,T3,,,Kup,K16,T3--K16,6/13/17,7/21/17,38,16,13
16,T3,,,Oks 3,O1,T3--O1,6/14/17,7/21/17,37,7,5
16,T3,,,Oks 3,O2,T3--O2,6/14/17,7/21/17,37,79,76
16,T3,,,Oks 3,O6,T3--O6,6/14/17,7/21/17,37,16,13
8,T1,,,Kup,K01,T1--K01,6/13/17,7/22/17,39,78,78
8,T1,,,Kup,K02,T1--K02,6/13/17,7/22/17,39,175,173
8,T1,,,Kup,K03,T1--K03,6/13/17,7/22/17,39,240,239
8,T1,,,Kup,K04,T1--K04,6/13/17,7/22/17,39,206,203
8,T1,,,Kup,K05,T1--K05,6/13/17,7/22/17,39,154,154
8,T1,,,Kup,K06,T1--K06,6/13/17,7/22/17,39,15,15
8,T1,,,Kup,K07,T1--K07,6/13/17,7/22/17,39,238,234
8,T1,,,Kup,K08,T1--K08,6/13/17,7/22/17,39,249,243
8,T1,,,Kup,K09,T1--K09,6/13/17,7/22/17,39,238,235
8,T1,,,Kup,K10,T1--K10,6/13/17,7/22/17,39,173,171
8,T1,,,Kup,K11,T1--K11,6/13/17,7/22/17,39,203,200
8,T1,,,Kup,K12,T1--K12,6/13/17,7/22/17,39,222,222
8,T1,,,Kup,K13,T1--K13,6/13/17,7/22/17,39,184,184
8,T1,,,Kup,K14,T1--K14,6/13/17,7/22/17,39,217,217
8,T1,,,Kup,K15,T1--K15,6/13/17,7/22/17,39,240,240
8,T1,,,Kup,K16,T1--K16,6/13/17,7/22/17,39,190,190
8,T1,,,Oks 3,O1,T1--O1,6/14/17,7/22/17,38,206,205
8,T1,,,Oks 3,O2,T1--O2,6/14/17,7/22/17,38,167,167
8,T1,,,Oks 3,O4,T1--O4,6/14/17,7/22/17,38,85,84
8,T1,,,Oks 3,O5,T1--O5,6/14/17,7/22/17,38,18,17
8,T1,,,Oks 3,O6,T1--O6,6/14/17,7/22/17,38,27,26
12,T2,,,Kup,K01,T2--K01,6/13/17,7/22/17,39,119,118
12,T2,,,Kup,K02,T2--K02,6/13/17,7/22/17,39,167,165
12,T2,,,Kup,K03,T2--K03,6/13/17,7/22/17,39,174,173
12,T2,,,Kup,K04,T2--K04,6/13/17,7/22/17,39,132,132
12,T2,,,Kup,K05,T2--K05,6/13/17,7/22/17,39,123,121
12,T2,,,Kup,K06,T2--K06,6/13/17,7/22/17,39,37,37
12,T2,,,Kup,K07,T2--K07,6/13/17,7/22/17,39,186,181
12,T2,,,Kup,K08,T2--K08,6/13/17,7/22/17,39,206,203
12,T2,,,Kup,K09,T2--K09,6/13/17,7/22/17,39,134,134
12,T2,,,Kup,K10,T2--K10,6/13/17,7/22/17,39,134,128
12,T2,,,Kup,K11,T2--K11,6/13/17,7/22/17,39,136,131
12,T2,,,Kup,K12,T2--K12,6/13/17,7/22/17,39,196,194
12,T2,,,Kup,K13,T2--K13,6/13/17,7/22/17,39,132,132
12,T2,,,Kup,K14,T2--K14,6/13/17,7/22/17,39,171,171
12,T2,,,Kup,K15,T2--K15,6/13/17,7/22/17,39,180,180
12,T2,,,Kup,K16,T2--K16,6/13/17,7/22/17,39,184,184
12,T2,,,Oks 3,O1,T2--O1,6/14/17,7/22/17,38,100,99
12,T2,,,Oks 3,O2,T2--O2,6/14/17,7/22/17,38,142,139
12,T2,,,Oks 3,O4,T2--O4,6/14/17,7/22/17,38,34,29
12,T2,,,Oks 3,O5,T2--O5,6/14/17,7/22/17,38,-3,-3
12,T2,,,Oks 3,O6,T2--O6,6/14/17,7/22/17,38,76,76
16,T3,,,Kup,K02,T3--K02,6/13/17,7/22/17,39,19,19
16,T3,,,Kup,K04,T3--K04,6/13/17,7/22/17,39,19,19
16,T3,,,Kup,K05,T3--K05,6/13/17,7/22/17,39,202,201
16,T3,,,Kup,K07,T3--K07,6/13/17,7/22/17,39,28,27
16,T3,,,Kup,K08,T3--K08,6/13/17,7/22/17,39,18,18
16,T3,,,Kup,K16,T3--K16,6/13/17,7/22/17,39,13,13
16,T3,,,Oks 3,O1,T3--O1,6/14/17,7/22/17,38,5,4
16,T3,,,Oks 3,O2,T3--O2,6/14/17,7/22/17,38,76,71
16,T3,,,Oks 3,O6,T3--O6,6/14/17,7/22/17,38,13,11
8,T1,,,Kup,K01,T1--K01,6/13/17,7/23/17,40,78,67
8,T1,,,Kup,K02,T1--K02,6/13/17,7/23/17,40,173,159
8,T1,,,Kup,K03,T1--K03,6/13/17,7/23/17,40,239,220
8,T1,,,Kup,K04,T1--K04,6/13/17,7/23/17,40,203,184
8,T1,,,Kup,K05,T1--K05,6/13/17,7/23/17,40,154,139
8,T1,,,Kup,K06,T1--K06,6/13/17,7/23/17,40,15,14
8,T1,,,Kup,K07,T1--K07,6/13/17,7/23/17,40,234,208
8,T1,,,Kup,K08,T1--K08,6/13/17,7/23/17,40,243,231
8,T1,,,Kup,K09,T1--K09,6/13/17,7/23/17,40,235,217
8,T1,,,Kup,K10,T1--K10,6/13/17,7/23/17,40,171,153
8,T1,,,Kup,K11,T1--K11,6/13/17,7/23/17,40,200,179
8,T1,,,Kup,K12,T1--K12,6/13/17,7/23/17,40,222,207
8,T1,,,Kup,K13,T1--K13,6/13/17,7/23/17,40,184,162
8,T1,,,Kup,K14,T1--K14,6/13/17,7/23/17,40,217,205
8,T1,,,Kup,K15,T1--K15,6/13/17,7/23/17,40,240,227
8,T1,,,Kup,K16,T1--K16,6/13/17,7/23/17,40,190,174
8,T1,,,Oks 3,O1,T1--O1,6/14/17,7/23/17,39,205,188
8,T1,,,Oks 3,O2,T1--O2,6/14/17,7/23/17,39,167,151
8,T1,,,Oks 3,O4,T1--O4,6/14/17,7/23/17,39,84,79
8,T1,,,Oks 3,O5,T1--O5,6/14/17,7/23/17,39,17,17
8,T1,,,Oks 3,O6,T1--O6,6/14/17,7/23/17,39,26,16
12,T2,,,Kup,K01,T2--K01,6/13/17,7/23/17,40,118,113
12,T2,,,Kup,K02,T2--K02,6/13/17,7/23/17,40,165,158
12,T2,,,Kup,K03,T2--K03,6/13/17,7/23/17,40,173,167
12,T2,,,Kup,K04,T2--K04,6/13/17,7/23/17,40,132,127
12,T2,,,Kup,K05,T2--K05,6/13/17,7/23/17,40,121,114
12,T2,,,Kup,K06,T2--K06,6/13/17,7/23/17,40,37,37
12,T2,,,Kup,K07,T2--K07,6/13/17,7/23/17,40,181,174
12,T2,,,Kup,K08,T2--K08,6/13/17,7/23/17,40,203,195
12,T2,,,Kup,K09,T2--K09,6/13/17,7/23/17,40,134,127
12,T2,,,Kup,K10,T2--K10,6/13/17,7/23/17,40,128,125
12,T2,,,Kup,K11,T2--K11,6/13/17,7/23/17,40,131,121
12,T2,,,Kup,K12,T2--K12,6/13/17,7/23/17,40,194,187
12,T2,,,Kup,K13,T2--K13,6/13/17,7/23/17,40,132,127
12,T2,,,Kup,K14,T2--K14,6/13/17,7/23/17,40,171,166
12,T2,,,Kup,K15,T2--K15,6/13/17,7/23/17,40,180,174
12,T2,,,Kup,K16,T2--K16,6/13/17,7/23/17,40,184,178
12,T2,,,Oks 3,O1,T2--O1,6/14/17,7/23/17,39,99,98
12,T2,,,Oks 3,O2,T2--O2,6/14/17,7/23/17,39,139,138
12,T2,,,Oks 3,O4,T2--O4,6/14/17,7/23/17,39,29,27
12,T2,,,Oks 3,O5,T2--O5,6/14/17,7/23/17,39,-3,-3
12,T2,,,Oks 3,O6,T2--O6,6/14/17,7/23/17,39,76,70
16,T3,,,Kup,K02,T3--K02,6/13/17,7/23/17,40,19,19
16,T3,,,Kup,K04,T3--K04,6/13/17,7/23/17,40,19,17
16,T3,,,Kup,K05,T3--K05,6/13/17,7/23/17,40,201,201
16,T3,,,Kup,K07,T3--K07,6/13/17,7/23/17,40,27,26
16,T3,,,Kup,K08,T3--K08,6/13/17,7/23/17,40,18,18
16,T3,,,Kup,K16,T3--K16,6/13/17,7/23/17,40,13,13
16,T3,,,Oks 3,O1,T3--O1,6/14/17,7/23/17,39,4,4
16,T3,,,Oks 3,O2,T3--O2,6/14/17,7/23/17,39,71,70
16,T3,,,Oks 3,O6,T3--O6,6/14/17,7/23/17,39,11,9
8,T1,,,Oks 3,O1,T1--O1,6/14/17,7/24/17,40,188,174
8,T1,,,Oks 3,O2,T1--O2,6/14/17,7/24/17,40,151,151
8,T1,,,Oks 3,O4,T1--O4,6/14/17,7/24/17,40,79,79
8,T1,,,Oks 3,O5,T1--O5,6/14/17,7/24/17,40,17,17
8,T1,,,Oks 3,O6,T1--O6,6/14/17,7/24/17,40,16,-2
12,T2,,,Oks 3,O1,T2--O1,6/14/17,7/24/17,40,98,98
12,T2,,,Oks 3,O2,T2--O2,6/14/17,7/24/17,40,138,137
12,T2,,,Oks 3,O4,T2--O4,6/14/17,7/24/17,40,27,25
12,T2,,,Oks 3,O5,T2--O5,6/14/17,7/24/17,40,-3,-3
12,T2,,,Oks 3,O6,T2--O6,6/14/17,7/24/17,40,70,70
16,T3,,,Oks 3,O1,T3--O1,6/14/17,7/24/17,40,4,4
16,T3,,,Oks 3,O2,T3--O2,6/14/17,7/24/17,40,70,70
16,T3,,,Oks 3,O6,T3--O6,6/14/17,7/24/17,40,9,9