"","TreatmentTank","Location","Family","days.post.fert","indiv.alive","indiv.dead"
"1","T1","Kup","K01",0,1497369514,0
"49","T1","Kup","K01",1,1497369514,2
"97","T1","Kup","K01",2,1497369514,0
"145","T1","Kup","K01",3,1497369514,0
"193","T1","Kup","K01",4,1497369514,2
"241","T1","Kup","K01",5,1497369514,1
"289","T1","Kup","K01",6,1497369514,4
"337","T1","Kup","K01",7,1497369514,0
"385","T1","Kup","K01",8,1497369514,2
"433","T1","Kup","K01",9,1497369514,0
"481","T1","Kup","K01",10,1497369514,2
"529","T1","Kup","K01",12,1497369514,2
"574","T1","Kup","K01",13,1497369514,0
"612","T1","Kup","K01",14,1497369514,2
"650","T1","Kup","K01",15,1497369514,11
"688","T1","Kup","K01",16,1497369514,3
"726","T1","Kup","K01",17,1497369514,6
"764","T1","Kup","K01",18,1497369514,13
"802","T1","Kup","K01",19,1497369514,84
"840","T1","Kup","K01",20,1497369514,16
"878","T1","Kup","K01",21,1497369514,5
"916","T1","Kup","K01",22,1497369514,0
"954","T1","Kup","K01",23,1497369514,6
"992","T1","Kup","K01",24,1497369514,12
"1030","T1","Kup","K01",25,1497369514,3
"1068","T1","Kup","K01",26,1497369514,2
"1106","T1","Kup","K01",27,1497369514,14
"1143","T1","Kup","K01",28,1497369514,1
"1181","T1","Kup","K01",29,1497369514,2
"1219","T1","Kup","K01",30,1497369514,0
"1257","T1","Kup","K01",31,1497369514,0
"1295","T1","Kup","K01",32,1497369514,0
"1332","T1","Kup","K01",33,1497369514,0
"1370","T1","Kup","K01",34,1497369514,0
"1408","T1","Kup","K01",35,1497369514,0
"1446","T1","Kup","K01",36,1497369514,0
"1476","T1","Kup","K01",37,1497369514,1
"1514","T1","Kup","K01",38,1497369514,0
"1552","T1","Kup","K01",39,1497369514,0
"1590","T1","Kup","K01",40,1497369514,1
"2","T1","Kup","K02",0,1497369506,0
"50","T1","Kup","K02",1,1497369506,3
"98","T1","Kup","K02",2,1497369506,1
"146","T1","Kup","K02",3,1497369506,2
"194","T1","Kup","K02",4,1497369506,1
"242","T1","Kup","K02",5,1497369506,2
"290","T1","Kup","K02",6,1497369506,3
"338","T1","Kup","K02",7,1497369506,5
"386","T1","Kup","K02",8,1497369506,1
"434","T1","Kup","K02",9,1497369506,0
"482","T1","Kup","K02",10,1497369506,0
"530","T1","Kup","K02",12,1497369506,2
"575","T1","Kup","K02",13,1497369506,0
"613","T1","Kup","K02",14,1497369506,3
"651","T1","Kup","K02",15,1497369506,3
"689","T1","Kup","K02",16,1497369506,5
"727","T1","Kup","K02",17,1497369506,7
"765","T1","Kup","K02",18,1497369506,3
"803","T1","Kup","K02",19,1497369506,4
"841","T1","Kup","K02",20,1497369506,8
"879","T1","Kup","K02",21,1497369506,4
"917","T1","Kup","K02",22,1497369506,3
"955","T1","Kup","K02",23,1497369506,3
"993","T1","Kup","K02",24,1497369506,5
"1031","T1","Kup","K02",25,1497369506,8
"1069","T1","Kup","K02",26,1497369506,0
"1107","T1","Kup","K02",27,1497369506,4
"1144","T1","Kup","K02",28,1497369506,1
"1182","T1","Kup","K02",29,1497369506,4
"1220","T1","Kup","K02",30,1497369506,1
"1258","T1","Kup","K02",31,1497369506,1
"1296","T1","Kup","K02",32,1497369506,0
"1333","T1","Kup","K02",33,1497369506,0
"1371","T1","Kup","K02",34,1497369506,1
"1409","T1","Kup","K02",35,1497369506,0
"1447","T1","Kup","K02",36,1497369506,1
"1477","T1","Kup","K02",37,1497369506,0
"1515","T1","Kup","K02",38,1497369506,2
"1553","T1","Kup","K02",39,1497369506,2
"1591","T1","Kup","K02",40,1497369506,4
"3","T1","Kup","K03",0,1497369514,0
"51","T1","Kup","K03",1,1497369514,1
"99","T1","Kup","K03",2,1497369514,0
"147","T1","Kup","K03",3,1497369514,0
"195","T1","Kup","K03",4,1497369514,2
"243","T1","Kup","K03",5,1497369514,2
"291","T1","Kup","K03",6,1497369514,0
"339","T1","Kup","K03",7,1497369514,0
"387","T1","Kup","K03",8,1497369514,0
"435","T1","Kup","K03",9,1497369514,0
"483","T1","Kup","K03",10,1497369514,0
"531","T1","Kup","K03",12,1497369514,1
"576","T1","Kup","K03",13,1497369514,0
"614","T1","Kup","K03",14,1497369514,0
"652","T1","Kup","K03",15,1497369514,0
"690","T1","Kup","K03",16,1497369514,1
"728","T1","Kup","K03",17,1497369514,0
"766","T1","Kup","K03",18,1497369514,1
"804","T1","Kup","K03",19,1497369514,2
"842","T1","Kup","K03",20,1497369514,3
"880","T1","Kup","K03",21,1497369514,0
"918","T1","Kup","K03",22,1497369514,0
"956","T1","Kup","K03",23,1497369514,3
"994","T1","Kup","K03",24,1497369514,3
"1032","T1","Kup","K03",25,1497369514,2
"1070","T1","Kup","K03",26,1497369514,2
"1108","T1","Kup","K03",27,1497369514,0
"1145","T1","Kup","K03",28,1497369514,2
"1183","T1","Kup","K03",29,1497369514,0
"1221","T1","Kup","K03",30,1497369514,0
"1259","T1","Kup","K03",31,1497369514,2
"1297","T1","Kup","K03",32,1497369514,0
"1334","T1","Kup","K03",33,1497369514,1
"1372","T1","Kup","K03",34,1497369514,0
"1410","T1","Kup","K03",35,1497369514,3
"1448","T1","Kup","K03",36,1497369514,1
"1478","T1","Kup","K03",37,1497369514,2
"1516","T1","Kup","K03",38,1497369514,0
"1554","T1","Kup","K03",39,1497369514,1
"1592","T1","Kup","K03",40,1497369514,9
"4","T1","Kup","K04",0,1497369517,0
"52","T1","Kup","K04",1,1497369517,0
"100","T1","Kup","K04",2,1497369517,1
"148","T1","Kup","K04",3,1497369517,0
"196","T1","Kup","K04",4,1497369517,0
"244","T1","Kup","K04",5,1497369517,0
"292","T1","Kup","K04",6,1497369517,3
"340","T1","Kup","K04",7,1497369517,1
"388","T1","Kup","K04",8,1497369517,4
"436","T1","Kup","K04",9,1497369517,2
"484","T1","Kup","K04",10,1497369517,2
"532","T1","Kup","K04",12,1497369517,2
"577","T1","Kup","K04",13,1497369517,0
"615","T1","Kup","K04",14,1497369517,0
"653","T1","Kup","K04",15,1497369517,0
"691","T1","Kup","K04",16,1497369517,0
"729","T1","Kup","K04",17,1497369517,4
"767","T1","Kup","K04",18,1497369517,1
"805","T1","Kup","K04",19,1497369517,24
"843","T1","Kup","K04",20,1497369517,1
"881","T1","Kup","K04",21,1497369517,0
"919","T1","Kup","K04",22,1497369517,7
"957","T1","Kup","K04",23,1497369517,2
"995","T1","Kup","K04",24,1497369517,5
"1033","T1","Kup","K04",25,1497369517,1
"1071","T1","Kup","K04",26,1497369517,1
"1109","T1","Kup","K04",27,1497369517,0
"1146","T1","Kup","K04",28,1497369517,0
"1184","T1","Kup","K04",29,1497369517,1
"1222","T1","Kup","K04",30,1497369517,1
"1260","T1","Kup","K04",31,1497369517,0
"1298","T1","Kup","K04",32,1497369517,0
"1335","T1","Kup","K04",33,1497369517,0
"1373","T1","Kup","K04",34,1497369517,0
"1411","T1","Kup","K04",35,1497369517,4
"1449","T1","Kup","K04",36,1497369517,0
"1479","T1","Kup","K04",37,1497369517,1
"1517","T1","Kup","K04",38,1497369517,3
"1555","T1","Kup","K04",39,1497369517,3
"1593","T1","Kup","K04",40,1497369517,9
"5","T1","Kup","K05",0,1497369521,0
"53","T1","Kup","K05",1,1497369521,3
"101","T1","Kup","K05",2,1497369521,1
"149","T1","Kup","K05",3,1497369521,1
"197","T1","Kup","K05",4,1497369521,0
"245","T1","Kup","K05",5,1497369521,0
"293","T1","Kup","K05",6,1497369521,0
"341","T1","Kup","K05",7,1497369521,2
"389","T1","Kup","K05",8,1497369521,3
"437","T1","Kup","K05",9,1497369521,2
"485","T1","Kup","K05",10,1497369521,1
"533","T1","Kup","K05",12,1497369521,5
"578","T1","Kup","K05",13,1497369521,4
"616","T1","Kup","K05",14,1497369521,3
"654","T1","Kup","K05",15,1497369521,1
"692","T1","Kup","K05",16,1497369521,1
"730","T1","Kup","K05",17,1497369521,0
"768","T1","Kup","K05",18,1497369521,2
"806","T1","Kup","K05",19,1497369521,17
"844","T1","Kup","K05",20,1497369521,30
"882","T1","Kup","K05",21,1497369521,14
"920","T1","Kup","K05",22,1497369521,0
"958","T1","Kup","K05",23,1497369521,8
"996","T1","Kup","K05",24,1497369521,16
"1034","T1","Kup","K05",25,1497369521,2
"1072","T1","Kup","K05",26,1497369521,0
"1110","T1","Kup","K05",27,1497369521,1
"1147","T1","Kup","K05",28,1497369521,0
"1185","T1","Kup","K05",29,1497369521,2
"1223","T1","Kup","K05",30,1497369521,2
"1261","T1","Kup","K05",31,1497369521,0
"1299","T1","Kup","K05",32,1497369521,2
"1336","T1","Kup","K05",33,1497369521,0
"1374","T1","Kup","K05",34,1497369521,0
"1412","T1","Kup","K05",35,1497369521,2
"1450","T1","Kup","K05",36,1497369521,0
"1480","T1","Kup","K05",37,1497369521,2
"1518","T1","Kup","K05",38,1497369521,0
"1556","T1","Kup","K05",39,1497369521,0
"1594","T1","Kup","K05",40,1497369521,5
"6","T1","Kup","K06",0,1497369577,0
"54","T1","Kup","K06",1,1497369577,0
"102","T1","Kup","K06",2,1497369577,1
"150","T1","Kup","K06",3,1497369577,6
"198","T1","Kup","K06",4,1497369577,114
"246","T1","Kup","K06",5,1497369577,107
"294","T1","Kup","K06",6,1497369577,18
"342","T1","Kup","K06",7,1497369577,14
"390","T1","Kup","K06",8,1497369577,5
"438","T1","Kup","K06",9,1497369577,14
"486","T1","Kup","K06",10,1497369577,4
"534","T1","Kup","K06",12,1497369577,0
"579","T1","Kup","K06",13,1497369577,0
"617","T1","Kup","K06",14,1497369577,6
"655","T1","Kup","K06",15,1497369577,0
"693","T1","Kup","K06",16,1497369577,1
"731","T1","Kup","K06",17,1497369577,1
"769","T1","Kup","K06",18,1497369577,8
"807","T1","Kup","K06",19,1497369577,0
"845","T1","Kup","K06",20,1497369577,2
"883","T1","Kup","K06",21,1497369577,0
"921","T1","Kup","K06",22,1497369577,1
"959","T1","Kup","K06",23,1497369577,0
"997","T1","Kup","K06",24,1497369577,0
"1035","T1","Kup","K06",25,1497369577,0
"1073","T1","Kup","K06",26,1497369577,2
"1111","T1","Kup","K06",27,1497369577,4
"1148","T1","Kup","K06",28,1497369577,0
"1186","T1","Kup","K06",29,1497369577,0
"1224","T1","Kup","K06",30,1497369577,1
"1262","T1","Kup","K06",31,1497369577,0
"1300","T1","Kup","K06",32,1497369577,0
"1337","T1","Kup","K06",33,1497369577,1
"1375","T1","Kup","K06",34,1497369577,1
"1413","T1","Kup","K06",35,1497369577,0
"1451","T1","Kup","K06",36,1497369577,0
"1481","T1","Kup","K06",37,1497369577,1
"1519","T1","Kup","K06",38,1497369577,0
"1557","T1","Kup","K06",39,1497369577,0
"1595","T1","Kup","K06",40,1497369577,1
"7","T1","Kup","K07",0,1497369525,0
"55","T1","Kup","K07",1,1497369525,0
"103","T1","Kup","K07",2,1497369525,0
"151","T1","Kup","K07",3,1497369525,0
"199","T1","Kup","K07",4,1497369525,1
"247","T1","Kup","K07",5,1497369525,1
"295","T1","Kup","K07",6,1497369525,2
"343","T1","Kup","K07",7,1497369525,0
"391","T1","Kup","K07",8,1497369525,1
"439","T1","Kup","K07",9,1497369525,0
"487","T1","Kup","K07",10,1497369525,0
"535","T1","Kup","K07",12,1497369525,2
"580","T1","Kup","K07",13,1497369525,2
"618","T1","Kup","K07",14,1497369525,0
"656","T1","Kup","K07",15,1497369525,0
"694","T1","Kup","K07",16,1497369525,1
"732","T1","Kup","K07",17,1497369525,1
"770","T1","Kup","K07",18,1497369525,0
"808","T1","Kup","K07",19,1497369525,3
"846","T1","Kup","K07",20,1497369525,3
"884","T1","Kup","K07",21,1497369525,3
"922","T1","Kup","K07",22,1497369525,1
"960","T1","Kup","K07",23,1497369525,4
"998","T1","Kup","K07",24,1497369525,3
"1036","T1","Kup","K07",25,1497369525,0
"1074","T1","Kup","K07",26,1497369525,1
"1112","T1","Kup","K07",27,1497369525,3
"1149","T1","Kup","K07",28,1497369525,1
"1187","T1","Kup","K07",29,1497369525,0
"1225","T1","Kup","K07",30,1497369525,1
"1263","T1","Kup","K07",31,1497369525,1
"1301","T1","Kup","K07",32,1497369525,2
"1338","T1","Kup","K07",33,1497369525,1
"1376","T1","Kup","K07",34,1497369525,4
"1414","T1","Kup","K07",35,1497369525,1
"1452","T1","Kup","K07",36,1497369525,2
"1482","T1","Kup","K07",37,1497369525,1
"1520","T1","Kup","K07",38,1497369525,1
"1558","T1","Kup","K07",39,1497369525,4
"1596","T1","Kup","K07",40,1497369525,16
"8","T1","Kup","K08",0,1497369525,0
"56","T1","Kup","K08",1,1497369525,0
"104","T1","Kup","K08",2,1497369525,1
"152","T1","Kup","K08",3,1497369525,0
"200","T1","Kup","K08",4,1497369525,0
"248","T1","Kup","K08",5,1497369525,2
"296","T1","Kup","K08",6,1497369525,1
"344","T1","Kup","K08",7,1497369525,0
"392","T1","Kup","K08",8,1497369525,0
"440","T1","Kup","K08",9,1497369525,0
"488","T1","Kup","K08",10,1497369525,0
"536","T1","Kup","K08",12,1497369525,0
"581","T1","Kup","K08",13,1497369525,1
"619","T1","Kup","K08",14,1497369525,1
"657","T1","Kup","K08",15,1497369525,0
"695","T1","Kup","K08",16,1497369525,0
"733","T1","Kup","K08",17,1497369525,0
"771","T1","Kup","K08",18,1497369525,0
"809","T1","Kup","K08",19,1497369525,6
"847","T1","Kup","K08",20,1497369525,1
"885","T1","Kup","K08",21,1497369525,0
"923","T1","Kup","K08",22,1497369525,5
"961","T1","Kup","K08",23,1497369525,0
"999","T1","Kup","K08",24,1497369525,0
"1037","T1","Kup","K08",25,1497369525,6
"1075","T1","Kup","K08",26,1497369525,2
"1113","T1","Kup","K08",27,1497369525,3
"1150","T1","Kup","K08",28,1497369525,0
"1188","T1","Kup","K08",29,1497369525,1
"1226","T1","Kup","K08",30,1497369525,1
"1264","T1","Kup","K08",31,1497369525,1
"1302","T1","Kup","K08",32,1497369525,1
"1339","T1","Kup","K08",33,1497369525,0
"1377","T1","Kup","K08",34,1497369525,0
"1415","T1","Kup","K08",35,1497369525,1
"1453","T1","Kup","K08",36,1497369525,2
"1483","T1","Kup","K08",37,1497369525,0
"1521","T1","Kup","K08",38,1497369525,0
"1559","T1","Kup","K08",39,1497369525,6
"1597","T1","Kup","K08",40,1497369525,2
"9","T1","Kup","K09",0,1497369531,0
"57","T1","Kup","K09",1,1497369531,0
"105","T1","Kup","K09",2,1497369531,0
"153","T1","Kup","K09",3,1497369531,1
"201","T1","Kup","K09",4,1497369531,0
"249","T1","Kup","K09",5,1497369531,0
"297","T1","Kup","K09",6,1497369531,0
"345","T1","Kup","K09",7,1497369531,2
"393","T1","Kup","K09",8,1497369531,0
"441","T1","Kup","K09",9,1497369531,0
"489","T1","Kup","K09",10,1497369531,0
"537","T1","Kup","K09",12,1497369531,0
"582","T1","Kup","K09",13,1497369531,1
"620","T1","Kup","K09",14,1497369531,0
"658","T1","Kup","K09",15,1497369531,0
"696","T1","Kup","K09",16,1497369531,1
"734","T1","Kup","K09",17,1497369531,0
"772","T1","Kup","K09",18,1497369531,0
"810","T1","Kup","K09",19,1497369531,1
"848","T1","Kup","K09",20,1497369531,9
"886","T1","Kup","K09",21,1497369531,0
"924","T1","Kup","K09",22,1497369531,5
"962","T1","Kup","K09",23,1497369531,0
"1000","T1","Kup","K09",24,1497369531,2
"1038","T1","Kup","K09",25,1497369531,0
"1076","T1","Kup","K09",26,1497369531,7
"1114","T1","Kup","K09",27,1497369531,10
"1151","T1","Kup","K09",28,1497369531,5
"1189","T1","Kup","K09",29,1497369531,3
"1227","T1","Kup","K09",30,1497369531,4
"1265","T1","Kup","K09",31,1497369531,0
"1303","T1","Kup","K09",32,1497369531,0
"1340","T1","Kup","K09",33,1497369531,1
"1378","T1","Kup","K09",34,1497369531,0
"1416","T1","Kup","K09",35,1497369531,0
"1454","T1","Kup","K09",36,1497369531,0
"1484","T1","Kup","K09",37,1497369531,1
"1522","T1","Kup","K09",38,1497369531,0
"1560","T1","Kup","K09",39,1497369531,3
"1598","T1","Kup","K09",40,1497369531,8
"10","T1","Kup","K10",0,1497369535,0
"58","T1","Kup","K10",1,1497369535,0
"106","T1","Kup","K10",2,1497369535,1
"154","T1","Kup","K10",3,1497369535,0
"202","T1","Kup","K10",4,1497369535,4
"250","T1","Kup","K10",5,1497369535,2
"298","T1","Kup","K10",6,1497369535,6
"346","T1","Kup","K10",7,1497369535,1
"394","T1","Kup","K10",8,1497369535,1
"442","T1","Kup","K10",9,1497369535,2
"490","T1","Kup","K10",10,1497369535,0
"538","T1","Kup","K10",12,1497369535,3
"583","T1","Kup","K10",13,1497369535,1
"621","T1","Kup","K10",14,1497369535,0
"659","T1","Kup","K10",15,1497369535,0
"697","T1","Kup","K10",16,1497369535,3
"735","T1","Kup","K10",17,1497369535,4
"773","T1","Kup","K10",18,1497369535,6
"811","T1","Kup","K10",19,1497369535,7
"849","T1","Kup","K10",20,1497369535,28
"887","T1","Kup","K10",21,1497369535,2
"925","T1","Kup","K10",22,1497369535,10
"963","T1","Kup","K10",23,1497369535,8
"1001","T1","Kup","K10",24,1497369535,2
"1039","T1","Kup","K10",25,1497369535,8
"1077","T1","Kup","K10",26,1497369535,3
"1115","T1","Kup","K10",27,1497369535,1
"1152","T1","Kup","K10",28,1497369535,5
"1190","T1","Kup","K10",29,1497369535,1
"1228","T1","Kup","K10",30,1497369535,3
"1266","T1","Kup","K10",31,1497369535,1
"1304","T1","Kup","K10",32,1497369535,0
"1341","T1","Kup","K10",33,1497369535,0
"1379","T1","Kup","K10",34,1497369535,1
"1417","T1","Kup","K10",35,1497369535,2
"1455","T1","Kup","K10",36,1497369535,2
"1485","T1","Kup","K10",37,1497369535,1
"1523","T1","Kup","K10",38,1497369535,4
"1561","T1","Kup","K10",39,1497369535,2
"1599","T1","Kup","K10",40,1497369535,8
"11","T1","Kup","K11",0,1497369505,0
"59","T1","Kup","K11",1,1497369505,1
"107","T1","Kup","K11",2,1497369505,1
"155","T1","Kup","K11",3,1497369505,0
"203","T1","Kup","K11",4,1497369505,2
"251","T1","Kup","K11",5,1497369505,0
"299","T1","Kup","K11",6,1497369505,2
"347","T1","Kup","K11",7,1497369505,1
"395","T1","Kup","K11",8,1497369505,1
"443","T1","Kup","K11",9,1497369505,0
"491","T1","Kup","K11",10,1497369505,1
"539","T1","Kup","K11",12,1497369505,1
"584","T1","Kup","K11",13,1497369505,2
"622","T1","Kup","K11",14,1497369505,0
"660","T1","Kup","K11",15,1497369505,0
"698","T1","Kup","K11",16,1497369505,0
"736","T1","Kup","K11",17,1497369505,0
"774","T1","Kup","K11",18,1497369505,0
"812","T1","Kup","K11",19,1497369505,3
"850","T1","Kup","K11",20,1497369505,4
"888","T1","Kup","K11",21,1497369505,1
"926","T1","Kup","K11",22,1497369505,4
"964","T1","Kup","K11",23,1497369505,1
"1002","T1","Kup","K11",24,1497369505,3
"1040","T1","Kup","K11",25,1497369505,3
"1078","T1","Kup","K11",26,1497369505,4
"1116","T1","Kup","K11",27,1497369505,2
"1153","T1","Kup","K11",28,1497369505,5
"1191","T1","Kup","K11",29,1497369505,6
"1229","T1","Kup","K11",30,1497369505,3
"1267","T1","Kup","K11",31,1497369505,3
"1305","T1","Kup","K11",32,1497369505,0
"1342","T1","Kup","K11",33,1497369505,1
"1380","T1","Kup","K11",34,1497369505,0
"1418","T1","Kup","K11",35,1497369505,0
"1456","T1","Kup","K11",36,1497369505,2
"1486","T1","Kup","K11",37,1497369505,0
"1524","T1","Kup","K11",38,1497369505,5
"1562","T1","Kup","K11",39,1497369505,3
"1600","T1","Kup","K11",40,1497369505,11
"12","T1","Kup","K12",0,1497369505,0
"60","T1","Kup","K12",1,1497369505,0
"108","T1","Kup","K12",2,1497369505,1
"156","T1","Kup","K12",3,1497369505,0
"204","T1","Kup","K12",4,1497369505,0
"252","T1","Kup","K12",5,1497369505,3
"300","T1","Kup","K12",6,1497369505,0
"348","T1","Kup","K12",7,1497369505,5
"396","T1","Kup","K12",8,1497369505,1
"444","T1","Kup","K12",9,1497369505,3
"492","T1","Kup","K12",10,1497369505,1
"540","T1","Kup","K12",12,1497369505,0
"585","T1","Kup","K12",13,1497369505,0
"623","T1","Kup","K12",14,1497369505,0
"661","T1","Kup","K12",15,1497369505,0
"699","T1","Kup","K12",16,1497369505,0
"737","T1","Kup","K12",17,1497369505,0
"775","T1","Kup","K12",18,1497369505,0
"813","T1","Kup","K12",19,1497369505,3
"851","T1","Kup","K12",20,1497369505,2
"889","T1","Kup","K12",21,1497369505,0
"927","T1","Kup","K12",22,1497369505,0
"965","T1","Kup","K12",23,1497369505,1
"1003","T1","Kup","K12",24,1497369505,0
"1041","T1","Kup","K12",25,1497369505,8
"1079","T1","Kup","K12",26,1497369505,4
"1117","T1","Kup","K12",27,1497369505,1
"1154","T1","Kup","K12",28,1497369505,4
"1192","T1","Kup","K12",29,1497369505,2
"1230","T1","Kup","K12",30,1497369505,0
"1268","T1","Kup","K12",31,1497369505,0
"1306","T1","Kup","K12",32,1497369505,0
"1343","T1","Kup","K12",33,1497369505,0
"1381","T1","Kup","K12",34,1497369505,0
"1419","T1","Kup","K12",35,1497369505,2
"1457","T1","Kup","K12",36,1497369505,1
"1487","T1","Kup","K12",37,1497369505,0
"1525","T1","Kup","K12",38,1497369505,1
"1563","T1","Kup","K12",39,1497369505,0
"1601","T1","Kup","K12",40,1497369505,5
"13","T1","Kup","K13",0,1497369505,0
"61","T1","Kup","K13",1,1497369505,0
"109","T1","Kup","K13",2,1497369505,0
"157","T1","Kup","K13",3,1497369505,0
"205","T1","Kup","K13",4,1497369505,3
"253","T1","Kup","K13",5,1497369505,6
"301","T1","Kup","K13",6,1497369505,0
"349","T1","Kup","K13",7,1497369505,3
"397","T1","Kup","K13",8,1497369505,3
"445","T1","Kup","K13",9,1497369505,1
"493","T1","Kup","K13",10,1497369505,0
"541","T1","Kup","K13",12,1497369505,0
"586","T1","Kup","K13",13,1497369505,0
"624","T1","Kup","K13",14,1497369505,2
"662","T1","Kup","K13",15,1497369505,1
"700","T1","Kup","K13",16,1497369505,0
"738","T1","Kup","K13",17,1497369505,1
"776","T1","Kup","K13",18,1497369505,0
"814","T1","Kup","K13",19,1497369505,23
"852","T1","Kup","K13",20,1497369505,6
"890","T1","Kup","K13",21,1497369505,1
"928","T1","Kup","K13",22,1497369505,0
"966","T1","Kup","K13",23,1497369505,2
"1004","T1","Kup","K13",24,1497369505,1
"1042","T1","Kup","K13",25,1497369505,0
"1080","T1","Kup","K13",26,1497369505,5
"1118","T1","Kup","K13",27,1497369505,3
"1155","T1","Kup","K13",28,1497369505,6
"1193","T1","Kup","K13",29,1497369505,2
"1231","T1","Kup","K13",30,1497369505,2
"1269","T1","Kup","K13",31,1497369505,0
"1307","T1","Kup","K13",32,1497369505,1
"1344","T1","Kup","K13",33,1497369505,0
"1382","T1","Kup","K13",34,1497369505,1
"1420","T1","Kup","K13",35,1497369505,0
"1458","T1","Kup","K13",36,1497369505,7
"1488","T1","Kup","K13",37,1497369505,1
"1526","T1","Kup","K13",38,1497369505,0
"1564","T1","Kup","K13",39,1497369505,0
"1602","T1","Kup","K13",40,1497369505,12
"14","T1","Kup","K14",0,1497369505,0
"62","T1","Kup","K14",1,1497369505,1
"110","T1","Kup","K14",2,1497369505,0
"158","T1","Kup","K14",3,1497369505,0
"206","T1","Kup","K14",4,1497369505,0
"254","T1","Kup","K14",5,1497369505,1
"302","T1","Kup","K14",6,1497369505,4
"350","T1","Kup","K14",7,1497369505,1
"398","T1","Kup","K14",8,1497369505,1
"446","T1","Kup","K14",9,1497369505,3
"494","T1","Kup","K14",10,1497369505,1
"542","T1","Kup","K14",12,1497369505,4
"587","T1","Kup","K14",13,1497369505,0
"625","T1","Kup","K14",14,1497369505,0
"663","T1","Kup","K14",15,1497369505,0
"701","T1","Kup","K14",16,1497369505,3
"739","T1","Kup","K14",17,1497369505,1
"777","T1","Kup","K14",18,1497369505,0
"815","T1","Kup","K14",19,1497369505,14
"853","T1","Kup","K14",20,1497369505,2
"891","T1","Kup","K14",21,1497369505,0
"929","T1","Kup","K14",22,1497369505,0
"967","T1","Kup","K14",23,1497369505,0
"1005","T1","Kup","K14",24,1497369505,0
"1043","T1","Kup","K14",25,1497369505,1
"1081","T1","Kup","K14",26,1497369505,0
"1119","T1","Kup","K14",27,1497369505,1
"1156","T1","Kup","K14",28,1497369505,2
"1194","T1","Kup","K14",29,1497369505,3
"1232","T1","Kup","K14",30,1497369505,3
"1270","T1","Kup","K14",31,1497369505,0
"1308","T1","Kup","K14",32,1497369505,0
"1345","T1","Kup","K14",33,1497369505,0
"1383","T1","Kup","K14",34,1497369505,0
"1421","T1","Kup","K14",35,1497369505,1
"1459","T1","Kup","K14",36,1497369505,1
"1489","T1","Kup","K14",37,1497369505,0
"1527","T1","Kup","K14",38,1497369505,0
"1565","T1","Kup","K14",39,1497369505,0
"1603","T1","Kup","K14",40,1497369505,2
"15","T1","Kup","K15",0,1497369514,0
"63","T1","Kup","K15",1,1497369514,0
"111","T1","Kup","K15",2,1497369514,0
"159","T1","Kup","K15",3,1497369514,0
"207","T1","Kup","K15",4,1497369514,0
"255","T1","Kup","K15",5,1497369514,0
"303","T1","Kup","K15",6,1497369514,0
"351","T1","Kup","K15",7,1497369514,1
"399","T1","Kup","K15",8,1497369514,3
"447","T1","Kup","K15",9,1497369514,1
"495","T1","Kup","K15",10,1497369514,0
"543","T1","Kup","K15",12,1497369514,0
"588","T1","Kup","K15",13,1497369514,1
"626","T1","Kup","K15",14,1497369514,1
"664","T1","Kup","K15",15,1497369514,0
"702","T1","Kup","K15",16,1497369514,0
"740","T1","Kup","K15",17,1497369514,1
"778","T1","Kup","K15",18,1497369514,1
"816","T1","Kup","K15",19,1497369514,7
"854","T1","Kup","K15",20,1497369514,3
"892","T1","Kup","K15",21,1497369514,0
"930","T1","Kup","K15",22,1497369514,2
"968","T1","Kup","K15",23,1497369514,1
"1006","T1","Kup","K15",24,1497369514,1
"1044","T1","Kup","K15",25,1497369514,3
"1082","T1","Kup","K15",26,1497369514,1
"1120","T1","Kup","K15",27,1497369514,1
"1157","T1","Kup","K15",28,1497369514,1
"1195","T1","Kup","K15",29,1497369514,3
"1233","T1","Kup","K15",30,1497369514,1
"1271","T1","Kup","K15",31,1497369514,0
"1309","T1","Kup","K15",32,1497369514,0
"1346","T1","Kup","K15",33,1497369514,2
"1384","T1","Kup","K15",34,1497369514,0
"1422","T1","Kup","K15",35,1497369514,1
"1460","T1","Kup","K15",36,1497369514,2
"1490","T1","Kup","K15",37,1497369514,1
"1528","T1","Kup","K15",38,1497369514,0
"1566","T1","Kup","K15",39,1497369514,0
"1604","T1","Kup","K15",40,1497369514,3
"16","T1","Kup","K16",0,1497369505,0
"64","T1","Kup","K16",1,1497369505,7
"112","T1","Kup","K16",2,1497369505,0
"160","T1","Kup","K16",3,1497369505,1
"208","T1","Kup","K16",4,1497369505,0
"256","T1","Kup","K16",5,1497369505,0
"304","T1","Kup","K16",6,1497369505,0
"352","T1","Kup","K16",7,1497369505,0
"400","T1","Kup","K16",8,1497369505,1
"448","T1","Kup","K16",9,1497369505,0
"496","T1","Kup","K16",10,1497369505,0
"544","T1","Kup","K16",12,1497369505,0
"589","T1","Kup","K16",13,1497369505,0
"627","T1","Kup","K16",14,1497369505,0
"665","T1","Kup","K16",15,1497369505,0
"703","T1","Kup","K16",16,1497369505,2
"741","T1","Kup","K16",17,1497369505,1
"779","T1","Kup","K16",18,1497369505,4
"817","T1","Kup","K16",19,1497369505,7
"855","T1","Kup","K16",20,1497369505,3
"893","T1","Kup","K16",21,1497369505,0
"931","T1","Kup","K16",22,1497369505,0
"969","T1","Kup","K16",23,1497369505,0
"1007","T1","Kup","K16",24,1497369505,1
"1045","T1","Kup","K16",25,1497369505,8
"1083","T1","Kup","K16",26,1497369505,3
"1121","T1","Kup","K16",27,1497369505,2
"1158","T1","Kup","K16",28,1497369505,1
"1196","T1","Kup","K16",29,1497369505,0
"1234","T1","Kup","K16",30,1497369505,0
"1272","T1","Kup","K16",31,1497369505,0
"1310","T1","Kup","K16",32,1497369505,0
"1347","T1","Kup","K16",33,1497369505,1
"1385","T1","Kup","K16",34,1497369505,0
"1423","T1","Kup","K16",35,1497369505,1
"1461","T1","Kup","K16",36,1497369505,0
"1491","T1","Kup","K16",37,1497369505,0
"1529","T1","Kup","K16",38,1497369505,0
"1567","T1","Kup","K16",39,1497369505,0
"1605","T1","Kup","K16",40,1497369505,6
"1628","T1","Oks 3","O1",2,1497491935,2
"1640","T1","Oks 3","O1",3,1497491935,0
"1654","T1","Oks 3","O1",4,1497491935,2
"1668","T1","Oks 3","O1",5,1497491935,0
"1682","T1","Oks 3","O1",6,1497491935,3
"1696","T1","Oks 3","O1",7,1497491935,8
"1710","T1","Oks 3","O1",8,1497491935,6
"1724","T1","Oks 3","O1",9,1497491935,8
"1738","T1","Oks 3","O1",11,1497491935,12
"1752","T1","Oks 3","O1",12,1497491935,3
"1765","T1","Oks 3","O1",13,1497491935,2
"1778","T1","Oks 3","O1",14,1497491935,0
"1791","T1","Oks 3","O1",15,1497491935,1
"1804","T1","Oks 3","O1",16,1497491935,1
"1817","T1","Oks 3","O1",17,1497491935,1
"1830","T1","Oks 3","O1",18,1497491935,9
"1843","T1","Oks 3","O1",19,1497491935,6
"1856","T1","Oks 3","O1",20,1497491935,1
"1869","T1","Oks 3","O1",21,1497491935,0
"1881","T1","Oks 3","O1",22,1497491935,6
"1894","T1","Oks 3","O1",23,1497491935,7
"1906","T1","Oks 3","O1",24,1497491935,0
"1919","T1","Oks 3","O1",25,1497491935,0
"1932","T1","Oks 3","O1",26,1497491935,0
"1945","T1","Oks 3","O1",27,1497491935,1
"1958","T1","Oks 3","O1",28,1497491935,0
"1971","T1","Oks 3","O1",29,1497491935,3
"1984","T1","Oks 3","O1",30,1497491935,0
"1997","T1","Oks 3","O1",31,1497491935,1
"2010","T1","Oks 3","O1",32,1497491935,0
"2023","T1","Oks 3","O1",33,1497491935,0
"2036","T1","Oks 3","O1",34,1497491935,0
"2049","T1","Oks 3","O1",35,1497491935,0
"2062","T1","Oks 3","O1",36,1497491935,0
"2075","T1","Oks 3","O1",37,1497491935,6
"2088","T1","Oks 3","O1",38,1497491935,1
"2101","T1","Oks 3","O1",39,1497491935,7
"2114","T1","Oks 3","O1",40,1497491935,14
"2127","T1","Oks 3","O1",41,1497491935,0
"1629","T1","Oks 3","O2",2,1497491934,4
"1641","T1","Oks 3","O2",3,1497491934,0
"1655","T1","Oks 3","O2",4,1497491934,2
"1669","T1","Oks 3","O2",5,1497491934,5
"1683","T1","Oks 3","O2",6,1497491934,24
"1697","T1","Oks 3","O2",7,1497491934,7
"1711","T1","Oks 3","O2",8,1497491934,3
"1725","T1","Oks 3","O2",9,1497491934,1
"1739","T1","Oks 3","O2",11,1497491934,11
"1753","T1","Oks 3","O2",12,1497491934,4
"1766","T1","Oks 3","O2",13,1497491934,3
"1779","T1","Oks 3","O2",14,1497491934,1
"1792","T1","Oks 3","O2",15,1497491934,1
"1805","T1","Oks 3","O2",16,1497491934,0
"1818","T1","Oks 3","O2",17,1497491934,0
"1831","T1","Oks 3","O2",18,1497491934,17
"1844","T1","Oks 3","O2",19,1497491934,10
"1857","T1","Oks 3","O2",20,1497491934,2
"1870","T1","Oks 3","O2",21,1497491934,0
"1882","T1","Oks 3","O2",22,1497491934,1
"1895","T1","Oks 3","O2",23,1497491934,9
"1907","T1","Oks 3","O2",24,1497491934,1
"1920","T1","Oks 3","O2",25,1497491934,1
"1933","T1","Oks 3","O2",26,1497491934,1
"1946","T1","Oks 3","O2",27,1497491934,2
"1959","T1","Oks 3","O2",28,1497491934,2
"1972","T1","Oks 3","O2",29,1497491934,2
"1985","T1","Oks 3","O2",30,1497491934,1
"1998","T1","Oks 3","O2",31,1497491934,1
"2011","T1","Oks 3","O2",32,1497491934,1
"2024","T1","Oks 3","O2",33,1497491934,0
"2037","T1","Oks 3","O2",34,1497491934,1
"2050","T1","Oks 3","O2",35,1497491934,0
"2063","T1","Oks 3","O2",36,1497491934,1
"2076","T1","Oks 3","O2",37,1497491934,8
"2089","T1","Oks 3","O2",38,1497491934,0
"2102","T1","Oks 3","O2",39,1497491934,6
"2115","T1","Oks 3","O2",40,1497491934,0
"2128","T1","Oks 3","O2",41,1497491934,0
"1630","T1","Oks 3","O4",2,1497491939,1
"1642","T1","Oks 3","O4",3,1497491939,0
"1656","T1","Oks 3","O4",4,1497491939,2
"1670","T1","Oks 3","O4",5,1497491939,27
"1684","T1","Oks 3","O4",6,1497491939,25
"1698","T1","Oks 3","O4",7,1497491939,22
"1712","T1","Oks 3","O4",8,1497491939,14
"1726","T1","Oks 3","O4",9,1497491939,8
"1740","T1","Oks 3","O4",11,1497491939,8
"1754","T1","Oks 3","O4",12,1497491939,4
"1767","T1","Oks 3","O4",13,1497491939,2
"1780","T1","Oks 3","O4",14,1497491939,2
"1793","T1","Oks 3","O4",15,1497491939,3
"1806","T1","Oks 3","O4",16,1497491939,0
"1819","T1","Oks 3","O4",17,1497491939,7
"1832","T1","Oks 3","O4",18,1497491939,14
"1845","T1","Oks 3","O4",19,1497491939,4
"1858","T1","Oks 3","O4",20,1497491939,3
"1871","T1","Oks 3","O4",21,1497491939,11
"1883","T1","Oks 3","O4",22,1497491939,14
"1896","T1","Oks 3","O4",23,1497491939,18
"1908","T1","Oks 3","O4",24,1497491939,4
"1921","T1","Oks 3","O4",25,1497491939,1
"1934","T1","Oks 3","O4",26,1497491939,5
"1947","T1","Oks 3","O4",27,1497491939,0
"1960","T1","Oks 3","O4",28,1497491939,2
"1973","T1","Oks 3","O4",29,1497491939,3
"1986","T1","Oks 3","O4",30,1497491939,2
"1999","T1","Oks 3","O4",31,1497491939,0
"2012","T1","Oks 3","O4",32,1497491939,1
"2025","T1","Oks 3","O4",33,1497491939,0
"2038","T1","Oks 3","O4",34,1497491939,0
"2051","T1","Oks 3","O4",35,1497491939,2
"2064","T1","Oks 3","O4",36,1497491939,0
"2077","T1","Oks 3","O4",37,1497491939,0
"2090","T1","Oks 3","O4",38,1497491939,1
"2103","T1","Oks 3","O4",39,1497491939,0
"2116","T1","Oks 3","O4",40,1497491939,0
"2129","T1","Oks 3","O4",41,1497491939,0
"1643","T1","Oks 3","O5",3,1497491992,1
"1657","T1","Oks 3","O5",4,1497491992,0
"1671","T1","Oks 3","O5",5,1497491992,0
"1685","T1","Oks 3","O5",6,1497491992,0
"1699","T1","Oks 3","O5",7,1497491992,0
"1713","T1","Oks 3","O5",8,1497491992,0
"1727","T1","Oks 3","O5",9,1497491992,0
"1741","T1","Oks 3","O5",11,1497491992,3
"1755","T1","Oks 3","O5",12,1497491992,1
"1768","T1","Oks 3","O5",13,1497491992,3
"1781","T1","Oks 3","O5",14,1497491992,5
"1794","T1","Oks 3","O5",15,1497491992,8
"1807","T1","Oks 3","O5",16,1497491992,0
"1820","T1","Oks 3","O5",17,1497491992,9
"1833","T1","Oks 3","O5",18,1497491992,29
"1846","T1","Oks 3","O5",19,1497491992,5
"1859","T1","Oks 3","O5",20,1497491992,4
"1872","T1","Oks 3","O5",21,1497491992,1
"1884","T1","Oks 3","O5",22,1497491992,1
"1897","T1","Oks 3","O5",23,1497491992,1
"1909","T1","Oks 3","O5",24,1497491992,0
"1922","T1","Oks 3","O5",25,1497491992,0
"1935","T1","Oks 3","O5",26,1497491992,0
"1948","T1","Oks 3","O5",27,1497491992,0
"1961","T1","Oks 3","O5",28,1497491992,0
"1974","T1","Oks 3","O5",29,1497491992,0
"1987","T1","Oks 3","O5",30,1497491992,0
"2000","T1","Oks 3","O5",31,1497491992,0
"2013","T1","Oks 3","O5",32,1497491992,0
"2026","T1","Oks 3","O5",33,1497491992,0
"2039","T1","Oks 3","O5",34,1497491992,0
"2052","T1","Oks 3","O5",35,1497491992,0
"2065","T1","Oks 3","O5",36,1497491992,0
"2078","T1","Oks 3","O5",37,1497491992,0
"2091","T1","Oks 3","O5",38,1497491992,1
"2104","T1","Oks 3","O5",39,1497491992,0
"2117","T1","Oks 3","O5",40,1497491992,0
"2130","T1","Oks 3","O5",41,1497491992,0
"1644","T1","Oks 3","O6",3,1497491924,0
"1658","T1","Oks 3","O6",4,1497491924,0
"1672","T1","Oks 3","O6",5,1497491924,2
"1686","T1","Oks 3","O6",6,1497491924,0
"1700","T1","Oks 3","O6",7,1497491924,0
"1714","T1","Oks 3","O6",8,1497491924,2
"1728","T1","Oks 3","O6",9,1497491924,0
"1742","T1","Oks 3","O6",11,1497491924,0
"1756","T1","Oks 3","O6",12,1497491924,1
"1769","T1","Oks 3","O6",13,1497491924,0
"1782","T1","Oks 3","O6",14,1497491924,0
"1795","T1","Oks 3","O6",15,1497491924,0
"1808","T1","Oks 3","O6",16,1497491924,0
"1821","T1","Oks 3","O6",17,1497491924,13
"1834","T1","Oks 3","O6",18,1497491924,153
"1847","T1","Oks 3","O6",19,1497491924,4
"1860","T1","Oks 3","O6",20,1497491924,2
"1873","T1","Oks 3","O6",21,1497491924,0
"1885","T1","Oks 3","O6",22,1497491924,0
"1898","T1","Oks 3","O6",23,1497491924,0
"1910","T1","Oks 3","O6",24,1497491924,0
"1923","T1","Oks 3","O6",25,1497491924,0
"1936","T1","Oks 3","O6",26,1497491924,0
"1949","T1","Oks 3","O6",27,1497491924,0
"1962","T1","Oks 3","O6",28,1497491924,0
"1975","T1","Oks 3","O6",29,1497491924,0
"1988","T1","Oks 3","O6",30,1497491924,2
"2001","T1","Oks 3","O6",31,1497491924,0
"2014","T1","Oks 3","O6",32,1497491924,0
"2027","T1","Oks 3","O6",33,1497491924,0
"2040","T1","Oks 3","O6",34,1497491924,0
"2053","T1","Oks 3","O6",35,1497491924,0
"2066","T1","Oks 3","O6",36,1497491924,0
"2079","T1","Oks 3","O6",37,1497491924,0
"2092","T1","Oks 3","O6",38,1497491924,1
"2105","T1","Oks 3","O6",39,1497491924,0
"2118","T1","Oks 3","O6",40,1497491924,0
"2131","T1","Oks 3","O6",41,1497491924,1
"17","T2","Kup","K01",0,1497369522,0
"65","T2","Kup","K01",1,1497369522,2
"113","T2","Kup","K01",2,1497369522,1
"161","T2","Kup","K01",3,1497369522,0
"209","T2","Kup","K01",4,1497369522,1
"257","T2","Kup","K01",5,1497369522,0
"305","T2","Kup","K01",6,1497369522,1
"353","T2","Kup","K01",7,1497369522,4
"401","T2","Kup","K01",8,1497369522,3
"449","T2","Kup","K01",9,1497369522,0
"497","T2","Kup","K01",10,1497369522,3
"545","T2","Kup","K01",12,1497369522,64
"590","T2","Kup","K01",13,1497369522,35
"628","T2","Kup","K01",14,1497369522,10
"666","T2","Kup","K01",15,1497369522,1
"704","T2","Kup","K01",16,1497369522,0
"742","T2","Kup","K01",17,1497369522,1
"780","T2","Kup","K01",18,1497369522,1
"818","T2","Kup","K01",19,1497369522,2
"856","T2","Kup","K01",20,1497369522,2
"894","T2","Kup","K01",21,1497369522,1
"932","T2","Kup","K01",22,1497369522,0
"970","T2","Kup","K01",23,1497369522,0
"1008","T2","Kup","K01",24,1497369522,1
"1046","T2","Kup","K01",25,1497369522,1
"1084","T2","Kup","K01",26,1497369522,1
"1122","T2","Kup","K01",27,1497369522,1
"1159","T2","Kup","K01",28,1497369522,2
"1197","T2","Kup","K01",29,1497369522,1
"1235","T2","Kup","K01",30,1497369522,2
"1273","T2","Kup","K01",31,1497369522,0
"1311","T2","Kup","K01",32,1497369522,3
"1348","T2","Kup","K01",33,1497369522,3
"1386","T2","Kup","K01",34,1497369522,5
"1424","T2","Kup","K01",35,1497369522,4
"1462","T2","Kup","K01",36,1497369522,1
"1492","T2","Kup","K01",37,1497369522,0
"1530","T2","Kup","K01",38,1497369522,1
"1568","T2","Kup","K01",39,1497369522,1
"1606","T2","Kup","K01",40,1497369522,0
"18","T2","Kup","K02",0,1497369520,0
"66","T2","Kup","K02",1,1497369520,3
"114","T2","Kup","K02",2,1497369520,0
"162","T2","Kup","K02",3,1497369520,0
"210","T2","Kup","K02",4,1497369520,3
"258","T2","Kup","K02",5,1497369520,1
"306","T2","Kup","K02",6,1497369520,3
"354","T2","Kup","K02",7,1497369520,1
"402","T2","Kup","K02",8,1497369520,3
"450","T2","Kup","K02",9,1497369520,4
"498","T2","Kup","K02",10,1497369520,7
"546","T2","Kup","K02",12,1497369520,18
"591","T2","Kup","K02",13,1497369520,7
"629","T2","Kup","K02",14,1497369520,4
"667","T2","Kup","K02",15,1497369520,3
"705","T2","Kup","K02",16,1497369520,6
"743","T2","Kup","K02",17,1497369520,4
"781","T2","Kup","K02",18,1497369520,2
"819","T2","Kup","K02",19,1497369520,1
"857","T2","Kup","K02",20,1497369520,4
"895","T2","Kup","K02",21,1497369520,2
"933","T2","Kup","K02",22,1497369520,1
"971","T2","Kup","K02",23,1497369520,0
"1009","T2","Kup","K02",24,1497369520,4
"1047","T2","Kup","K02",25,1497369520,6
"1085","T2","Kup","K02",26,1497369520,1
"1123","T2","Kup","K02",27,1497369520,5
"1160","T2","Kup","K02",28,1497369520,0
"1198","T2","Kup","K02",29,1497369520,3
"1236","T2","Kup","K02",30,1497369520,4
"1274","T2","Kup","K02",31,1497369520,1
"1312","T2","Kup","K02",32,1497369520,0
"1349","T2","Kup","K02",33,1497369520,0
"1387","T2","Kup","K02",34,1497369520,4
"1425","T2","Kup","K02",35,1497369520,0
"1463","T2","Kup","K02",36,1497369520,2
"1493","T2","Kup","K02",37,1497369520,1
"1531","T2","Kup","K02",38,1497369520,1
"1569","T2","Kup","K02",39,1497369520,2
"1607","T2","Kup","K02",40,1497369520,1
"19","T2","Kup","K03",0,1497369529,0
"67","T2","Kup","K03",1,1497369529,0
"115","T2","Kup","K03",2,1497369529,0
"163","T2","Kup","K03",3,1497369529,3
"211","T2","Kup","K03",4,1497369529,1
"259","T2","Kup","K03",5,1497369529,0
"307","T2","Kup","K03",6,1497369529,0
"355","T2","Kup","K03",7,1497369529,0
"403","T2","Kup","K03",8,1497369529,1
"451","T2","Kup","K03",9,1497369529,0
"499","T2","Kup","K03",10,1497369529,0
"547","T2","Kup","K03",12,1497369529,4
"592","T2","Kup","K03",13,1497369529,0
"630","T2","Kup","K03",14,1497369529,6
"668","T2","Kup","K03",15,1497369529,2
"706","T2","Kup","K03",16,1497369529,2
"744","T2","Kup","K03",17,1497369529,4
"782","T2","Kup","K03",18,1497369529,2
"820","T2","Kup","K03",19,1497369529,0
"858","T2","Kup","K03",20,1497369529,1
"896","T2","Kup","K03",21,1497369529,1
"934","T2","Kup","K03",22,1497369529,3
"972","T2","Kup","K03",23,1497369529,5
"1010","T2","Kup","K03",24,1497369529,10
"1048","T2","Kup","K03",25,1497369529,26
"1086","T2","Kup","K03",26,1497369529,5
"1124","T2","Kup","K03",27,1497369529,4
"1161","T2","Kup","K03",28,1497369529,6
"1199","T2","Kup","K03",29,1497369529,2
"1237","T2","Kup","K03",30,1497369529,3
"1275","T2","Kup","K03",31,1497369529,4
"1313","T2","Kup","K03",32,1497369529,1
"1350","T2","Kup","K03",33,1497369529,0
"1388","T2","Kup","K03",34,1497369529,7
"1426","T2","Kup","K03",35,1497369529,4
"1464","T2","Kup","K03",36,1497369529,3
"1494","T2","Kup","K03",37,1497369529,0
"1532","T2","Kup","K03",38,1497369529,0
"1570","T2","Kup","K03",39,1497369529,1
"1608","T2","Kup","K03",40,1497369529,1
"20","T2","Kup","K04",0,1497369529,0
"68","T2","Kup","K04",1,1497369529,3
"116","T2","Kup","K04",2,1497369529,0
"164","T2","Kup","K04",3,1497369529,1
"212","T2","Kup","K04",4,1497369529,2
"260","T2","Kup","K04",5,1497369529,0
"308","T2","Kup","K04",6,1497369529,3
"356","T2","Kup","K04",7,1497369529,6
"404","T2","Kup","K04",8,1497369529,3
"452","T2","Kup","K04",9,1497369529,3
"500","T2","Kup","K04",10,1497369529,0
"548","T2","Kup","K04",12,1497369529,10
"593","T2","Kup","K04",13,1497369529,26
"631","T2","Kup","K04",14,1497369529,1
"669","T2","Kup","K04",15,1497369529,0
"707","T2","Kup","K04",16,1497369529,3
"745","T2","Kup","K04",17,1497369529,6
"783","T2","Kup","K04",18,1497369529,0
"821","T2","Kup","K04",19,1497369529,0
"859","T2","Kup","K04",20,1497369529,0
"897","T2","Kup","K04",21,1497369529,2
"935","T2","Kup","K04",22,1497369529,0
"973","T2","Kup","K04",23,1497369529,0
"1011","T2","Kup","K04",24,1497369529,3
"1049","T2","Kup","K04",25,1497369529,19
"1087","T2","Kup","K04",26,1497369529,16
"1125","T2","Kup","K04",27,1497369529,10
"1162","T2","Kup","K04",28,1497369529,12
"1200","T2","Kup","K04",29,1497369529,7
"1238","T2","Kup","K04",30,1497369529,3
"1276","T2","Kup","K04",31,1497369529,1
"1314","T2","Kup","K04",32,1497369529,1
"1351","T2","Kup","K04",33,1497369529,0
"1389","T2","Kup","K04",34,1497369529,10
"1427","T2","Kup","K04",35,1497369529,0
"1465","T2","Kup","K04",36,1497369529,1
"1495","T2","Kup","K04",37,1497369529,0
"1533","T2","Kup","K04",38,1497369529,0
"1571","T2","Kup","K04",39,1497369529,0
"1609","T2","Kup","K04",40,1497369529,0
"21","T2","Kup","K05",0,1497369535,0
"69","T2","Kup","K05",1,1497369535,15
"117","T2","Kup","K05",2,1497369535,1
"165","T2","Kup","K05",3,1497369535,1
"213","T2","Kup","K05",4,1497369535,10
"261","T2","Kup","K05",5,1497369535,2
"309","T2","Kup","K05",6,1497369535,2
"357","T2","Kup","K05",7,1497369535,1
"405","T2","Kup","K05",8,1497369535,6
"453","T2","Kup","K05",9,1497369535,1
"501","T2","Kup","K05",10,1497369535,0
"549","T2","Kup","K05",12,1497369535,22
"594","T2","Kup","K05",13,1497369535,48
"632","T2","Kup","K05",14,1497369535,2
"670","T2","Kup","K05",15,1497369535,4
"708","T2","Kup","K05",16,1497369535,2
"746","T2","Kup","K05",17,1497369535,1
"784","T2","Kup","K05",18,1497369535,1
"822","T2","Kup","K05",19,1497369535,0
"860","T2","Kup","K05",20,1497369535,1
"898","T2","Kup","K05",21,1497369535,3
"936","T2","Kup","K05",22,1497369535,0
"974","T2","Kup","K05",23,1497369535,0
"1012","T2","Kup","K05",24,1497369535,1
"1050","T2","Kup","K05",25,1497369535,5
"1088","T2","Kup","K05",26,1497369535,7
"1126","T2","Kup","K05",27,1497369535,8
"1163","T2","Kup","K05",28,1497369535,9
"1201","T2","Kup","K05",29,1497369535,12
"1239","T2","Kup","K05",30,1497369535,1
"1277","T2","Kup","K05",31,1497369535,0
"1315","T2","Kup","K05",32,1497369535,0
"1352","T2","Kup","K05",33,1497369535,0
"1390","T2","Kup","K05",34,1497369535,0
"1428","T2","Kup","K05",35,1497369535,0
"1466","T2","Kup","K05",36,1497369535,0
"1496","T2","Kup","K05",37,1497369535,0
"1534","T2","Kup","K05",38,1497369535,1
"1572","T2","Kup","K05",39,1497369535,2
"1610","T2","Kup","K05",40,1497369535,2
"22","T2","Kup","K06",0,1497369574,0
"70","T2","Kup","K06",1,1497369574,1
"118","T2","Kup","K06",2,1497369574,35
"166","T2","Kup","K06",3,1497369574,155
"214","T2","Kup","K06",4,1497369574,20
"262","T2","Kup","K06",5,1497369574,12
"310","T2","Kup","K06",6,1497369574,2
"358","T2","Kup","K06",7,1497369574,4
"406","T2","Kup","K06",8,1497369574,6
"454","T2","Kup","K06",9,1497369574,4
"502","T2","Kup","K06",10,1497369574,3
"550","T2","Kup","K06",12,1497369574,24
"595","T2","Kup","K06",13,1497369574,1
"633","T2","Kup","K06",14,1497369574,7
"671","T2","Kup","K06",15,1497369574,0
"709","T2","Kup","K06",16,1497369574,1
"747","T2","Kup","K06",17,1497369574,1
"785","T2","Kup","K06",18,1497369574,0
"823","T2","Kup","K06",19,1497369574,0
"861","T2","Kup","K06",20,1497369574,5
"899","T2","Kup","K06",21,1497369574,0
"937","T2","Kup","K06",22,1497369574,0
"975","T2","Kup","K06",23,1497369574,0
"1013","T2","Kup","K06",24,1497369574,0
"1051","T2","Kup","K06",25,1497369574,0
"1089","T2","Kup","K06",26,1497369574,0
"1127","T2","Kup","K06",27,1497369574,0
"1164","T2","Kup","K06",28,1497369574,0
"1202","T2","Kup","K06",29,1497369574,0
"1240","T2","Kup","K06",30,1497369574,0
"1278","T2","Kup","K06",31,1497369574,1
"1316","T2","Kup","K06",32,1497369574,0
"1353","T2","Kup","K06",33,1497369574,0
"1391","T2","Kup","K06",34,1497369574,1
"1429","T2","Kup","K06",35,1497369574,2
"1467","T2","Kup","K06",36,1497369574,0
"1497","T2","Kup","K06",37,1497369574,1
"1535","T2","Kup","K06",38,1497369574,1
"1573","T2","Kup","K06",39,1497369574,0
"1611","T2","Kup","K06",40,1497369574,0
"23","T2","Kup","K07",0,1497369535,0
"71","T2","Kup","K07",1,1497369535,1
"119","T2","Kup","K07",2,1497369535,1
"167","T2","Kup","K07",3,1497369535,1
"215","T2","Kup","K07",4,1497369535,1
"263","T2","Kup","K07",5,1497369535,4
"311","T2","Kup","K07",6,1497369535,0
"359","T2","Kup","K07",7,1497369535,0
"407","T2","Kup","K07",8,1497369535,0
"455","T2","Kup","K07",9,1497369535,2
"503","T2","Kup","K07",10,1497369535,0
"551","T2","Kup","K07",12,1497369535,4
"596","T2","Kup","K07",13,1497369535,17
"634","T2","Kup","K07",14,1497369535,2
"672","T2","Kup","K07",15,1497369535,6
"710","T2","Kup","K07",16,1497369535,13
"748","T2","Kup","K07",17,1497369535,0
"786","T2","Kup","K07",18,1497369535,1
"824","T2","Kup","K07",19,1497369535,0
"862","T2","Kup","K07",20,1497369535,2
"900","T2","Kup","K07",21,1497369535,1
"938","T2","Kup","K07",22,1497369535,3
"976","T2","Kup","K07",23,1497369535,0
"1014","T2","Kup","K07",24,1497369535,3
"1052","T2","Kup","K07",25,1497369535,10
"1090","T2","Kup","K07",26,1497369535,5
"1128","T2","Kup","K07",27,1497369535,2
"1165","T2","Kup","K07",28,1497369535,7
"1203","T2","Kup","K07",29,1497369535,8
"1241","T2","Kup","K07",30,1497369535,3
"1279","T2","Kup","K07",31,1497369535,0
"1317","T2","Kup","K07",32,1497369535,0
"1354","T2","Kup","K07",33,1497369535,0
"1392","T2","Kup","K07",34,1497369535,0
"1430","T2","Kup","K07",35,1497369535,0
"1468","T2","Kup","K07",36,1497369535,0
"1498","T2","Kup","K07",37,1497369535,0
"1536","T2","Kup","K07",38,1497369535,2
"1574","T2","Kup","K07",39,1497369535,5
"1612","T2","Kup","K07",40,1497369535,2
"24","T2","Kup","K08",0,1497369535,0
"72","T2","Kup","K08",1,1497369535,1
"120","T2","Kup","K08",2,1497369535,0
"168","T2","Kup","K08",3,1497369535,3
"216","T2","Kup","K08",4,1497369535,2
"264","T2","Kup","K08",5,1497369535,1
"312","T2","Kup","K08",6,1497369535,0
"360","T2","Kup","K08",7,1497369535,2
"408","T2","Kup","K08",8,1497369535,1
"456","T2","Kup","K08",9,1497369535,0
"504","T2","Kup","K08",10,1497369535,0
"552","T2","Kup","K08",12,1497369535,8
"597","T2","Kup","K08",13,1497369535,11
"635","T2","Kup","K08",14,1497369535,1
"673","T2","Kup","K08",15,1497369535,0
"711","T2","Kup","K08",16,1497369535,0
"749","T2","Kup","K08",17,1497369535,0
"787","T2","Kup","K08",18,1497369535,0
"825","T2","Kup","K08",19,1497369535,0
"863","T2","Kup","K08",20,1497369535,3
"901","T2","Kup","K08",21,1497369535,1
"939","T2","Kup","K08",22,1497369535,1
"977","T2","Kup","K08",23,1497369535,2
"1015","T2","Kup","K08",24,1497369535,2
"1053","T2","Kup","K08",25,1497369535,9
"1091","T2","Kup","K08",26,1497369535,1
"1129","T2","Kup","K08",27,1497369535,3
"1166","T2","Kup","K08",28,1497369535,9
"1204","T2","Kup","K08",29,1497369535,5
"1242","T2","Kup","K08",30,1497369535,11
"1280","T2","Kup","K08",31,1497369535,0
"1318","T2","Kup","K08",32,1497369535,0
"1355","T2","Kup","K08",33,1497369535,0
"1393","T2","Kup","K08",34,1497369535,1
"1431","T2","Kup","K08",35,1497369535,0
"1469","T2","Kup","K08",36,1497369535,1
"1499","T2","Kup","K08",37,1497369535,1
"1537","T2","Kup","K08",38,1497369535,4
"1575","T2","Kup","K08",39,1497369535,3
"1613","T2","Kup","K08",40,1497369535,3
"25","T2","Kup","K09",0,1497369525,0
"73","T2","Kup","K09",1,1497369525,0
"121","T2","Kup","K09",2,1497369525,1
"169","T2","Kup","K09",3,1497369525,0
"217","T2","Kup","K09",4,1497369525,1
"265","T2","Kup","K09",5,1497369525,1
"313","T2","Kup","K09",6,1497369525,1
"361","T2","Kup","K09",7,1497369525,0
"409","T2","Kup","K09",8,1497369525,0
"457","T2","Kup","K09",9,1497369525,1
"505","T2","Kup","K09",10,1497369525,0
"553","T2","Kup","K09",12,1497369525,4
"598","T2","Kup","K09",13,1497369525,5
"636","T2","Kup","K09",14,1497369525,2
"674","T2","Kup","K09",15,1497369525,0
"712","T2","Kup","K09",16,1497369525,3
"750","T2","Kup","K09",17,1497369525,0
"788","T2","Kup","K09",18,1497369525,3
"826","T2","Kup","K09",19,1497369525,0
"864","T2","Kup","K09",20,1497369525,2
"902","T2","Kup","K09",21,1497369525,0
"940","T2","Kup","K09",22,1497369525,1
"978","T2","Kup","K09",23,1497369525,2
"1016","T2","Kup","K09",24,1497369525,5
"1054","T2","Kup","K09",25,1497369525,39
"1092","T2","Kup","K09",26,1497369525,11
"1130","T2","Kup","K09",27,1497369525,12
"1167","T2","Kup","K09",28,1497369525,11
"1205","T2","Kup","K09",29,1497369525,11
"1243","T2","Kup","K09",30,1497369525,11
"1281","T2","Kup","K09",31,1497369525,2
"1319","T2","Kup","K09",32,1497369525,0
"1356","T2","Kup","K09",33,1497369525,1
"1394","T2","Kup","K09",34,1497369525,3
"1432","T2","Kup","K09",35,1497369525,6
"1500","T2","Kup","K09",37,1497369525,5
"1538","T2","Kup","K09",38,1497369525,2
"1576","T2","Kup","K09",39,1497369525,0
"1614","T2","Kup","K09",40,1497369525,2
"26","T2","Kup","K10",0,1497369540,0
"74","T2","Kup","K10",1,1497369540,5
"122","T2","Kup","K10",2,1497369540,3
"170","T2","Kup","K10",3,1497369540,2
"218","T2","Kup","K10",4,1497369540,1
"266","T2","Kup","K10",5,1497369540,3
"314","T2","Kup","K10",6,1497369540,2
"362","T2","Kup","K10",7,1497369540,1
"410","T2","Kup","K10",8,1497369540,4
"458","T2","Kup","K10",9,1497369540,4
"506","T2","Kup","K10",10,1497369540,1
"554","T2","Kup","K10",12,1497369540,9
"599","T2","Kup","K10",13,1497369540,14
"637","T2","Kup","K10",14,1497369540,20
"675","T2","Kup","K10",15,1497369540,3
"713","T2","Kup","K10",16,1497369540,4
"751","T2","Kup","K10",17,1497369540,7
"789","T2","Kup","K10",18,1497369540,3
"827","T2","Kup","K10",19,1497369540,0
"865","T2","Kup","K10",20,1497369540,3
"903","T2","Kup","K10",21,1497369540,2
"941","T2","Kup","K10",22,1497369540,5
"979","T2","Kup","K10",23,1497369540,4
"1017","T2","Kup","K10",24,1497369540,6
"1055","T2","Kup","K10",25,1497369540,8
"1093","T2","Kup","K10",26,1497369540,0
"1131","T2","Kup","K10",27,1497369540,4
"1168","T2","Kup","K10",28,1497369540,7
"1206","T2","Kup","K10",29,1497369540,1
"1244","T2","Kup","K10",30,1497369540,10
"1282","T2","Kup","K10",31,1497369540,2
"1320","T2","Kup","K10",32,1497369540,4
"1357","T2","Kup","K10",33,1497369540,5
"1395","T2","Kup","K10",34,1497369540,1
"1433","T2","Kup","K10",35,1497369540,0
"1501","T2","Kup","K10",37,1497369540,6
"1539","T2","Kup","K10",38,1497369540,2
"1577","T2","Kup","K10",39,1497369540,6
"1615","T2","Kup","K10",40,1497369540,3
"27","T2","Kup","K11",0,1497369536,0
"75","T2","Kup","K11",1,1497369536,1
"123","T2","Kup","K11",2,1497369536,0
"171","T2","Kup","K11",3,1497369536,0
"219","T2","Kup","K11",4,1497369536,2
"267","T2","Kup","K11",5,1497369536,0
"315","T2","Kup","K11",6,1497369536,2
"363","T2","Kup","K11",7,1497369536,3
"411","T2","Kup","K11",8,1497369536,1
"459","T2","Kup","K11",9,1497369536,1
"507","T2","Kup","K11",10,1497369536,1
"555","T2","Kup","K11",12,1497369536,4
"600","T2","Kup","K11",13,1497369536,0
"638","T2","Kup","K11",14,1497369536,3
"676","T2","Kup","K11",15,1497369536,0
"714","T2","Kup","K11",16,1497369536,2
"752","T2","Kup","K11",17,1497369536,2
"790","T2","Kup","K11",18,1497369536,0
"828","T2","Kup","K11",19,1497369536,0
"866","T2","Kup","K11",20,1497369536,2
"904","T2","Kup","K11",21,1497369536,6
"942","T2","Kup","K11",22,1497369536,4
"980","T2","Kup","K11",23,1497369536,9
"1018","T2","Kup","K11",24,1497369536,18
"1056","T2","Kup","K11",25,1497369536,44
"1094","T2","Kup","K11",26,1497369536,10
"1132","T2","Kup","K11",27,1497369536,9
"1169","T2","Kup","K11",28,1497369536,11
"1207","T2","Kup","K11",29,1497369536,4
"1245","T2","Kup","K11",30,1497369536,8
"1283","T2","Kup","K11",31,1497369536,2
"1321","T2","Kup","K11",32,1497369536,0
"1358","T2","Kup","K11",33,1497369536,1
"1396","T2","Kup","K11",34,1497369536,2
"1434","T2","Kup","K11",35,1497369536,0
"1502","T2","Kup","K11",37,1497369536,0
"1540","T2","Kup","K11",38,1497369536,3
"1578","T2","Kup","K11",39,1497369536,5
"1616","T2","Kup","K11",40,1497369536,5
"28","T2","Kup","K12",0,1497369540,0
"76","T2","Kup","K12",1,1497369540,0
"124","T2","Kup","K12",2,1497369540,0
"172","T2","Kup","K12",3,1497369540,0
"220","T2","Kup","K12",4,1497369540,1
"268","T2","Kup","K12",5,1497369540,0
"316","T2","Kup","K12",6,1497369540,0
"364","T2","Kup","K12",7,1497369540,2
"412","T2","Kup","K12",8,1497369540,0
"460","T2","Kup","K12",9,1497369540,0
"508","T2","Kup","K12",10,1497369540,0
"556","T2","Kup","K12",12,1497369540,1
"601","T2","Kup","K12",13,1497369540,0
"639","T2","Kup","K12",14,1497369540,1
"677","T2","Kup","K12",15,1497369540,1
"715","T2","Kup","K12",16,1497369540,0
"753","T2","Kup","K12",17,1497369540,4
"791","T2","Kup","K12",18,1497369540,0
"829","T2","Kup","K12",19,1497369540,0
"867","T2","Kup","K12",20,1497369540,2
"905","T2","Kup","K12",21,1497369540,0
"943","T2","Kup","K12",22,1497369540,2
"981","T2","Kup","K12",23,1497369540,7
"1019","T2","Kup","K12",24,1497369540,2
"1057","T2","Kup","K12",25,1497369540,35
"1095","T2","Kup","K12",26,1497369540,9
"1133","T2","Kup","K12",27,1497369540,3
"1170","T2","Kup","K12",28,1497369540,1
"1208","T2","Kup","K12",29,1497369540,4
"1246","T2","Kup","K12",30,1497369540,1
"1284","T2","Kup","K12",31,1497369540,4
"1322","T2","Kup","K12",32,1497369540,1
"1359","T2","Kup","K12",33,1497369540,0
"1397","T2","Kup","K12",34,1497369540,3
"1435","T2","Kup","K12",35,1497369540,0
"1503","T2","Kup","K12",37,1497369540,4
"1541","T2","Kup","K12",38,1497369540,5
"1579","T2","Kup","K12",39,1497369540,2
"1617","T2","Kup","K12",40,1497369540,7
"29","T2","Kup","K13",0,1497369535,0
"77","T2","Kup","K13",1,1497369535,0
"125","T2","Kup","K13",2,1497369535,1
"173","T2","Kup","K13",3,1497369535,9
"221","T2","Kup","K13",4,1497369535,5
"269","T2","Kup","K13",5,1497369535,0
"317","T2","Kup","K13",6,1497369535,2
"365","T2","Kup","K13",7,1497369535,4
"413","T2","Kup","K13",8,1497369535,6
"461","T2","Kup","K13",9,1497369535,1
"509","T2","Kup","K13",10,1497369535,8
"557","T2","Kup","K13",12,1497369535,14
"602","T2","Kup","K13",13,1497369535,2
"640","T2","Kup","K13",14,1497369535,2
"678","T2","Kup","K13",15,1497369535,4
"716","T2","Kup","K13",16,1497369535,8
"754","T2","Kup","K13",17,1497369535,5
"792","T2","Kup","K13",18,1497369535,1
"830","T2","Kup","K13",19,1497369535,0
"868","T2","Kup","K13",20,1497369535,8
"906","T2","Kup","K13",21,1497369535,9
"944","T2","Kup","K13",22,1497369535,1
"982","T2","Kup","K13",23,1497369535,3
"1020","T2","Kup","K13",24,1497369535,2
"1058","T2","Kup","K13",25,1497369535,8
"1096","T2","Kup","K13",26,1497369535,11
"1134","T2","Kup","K13",27,1497369535,3
"1171","T2","Kup","K13",28,1497369535,19
"1209","T2","Kup","K13",29,1497369535,20
"1247","T2","Kup","K13",30,1497369535,1
"1285","T2","Kup","K13",31,1497369535,0
"1323","T2","Kup","K13",32,1497369535,0
"1360","T2","Kup","K13",33,1497369535,0
"1398","T2","Kup","K13",34,1497369535,0
"1436","T2","Kup","K13",35,1497369535,0
"1504","T2","Kup","K13",37,1497369535,1
"1542","T2","Kup","K13",38,1497369535,0
"1580","T2","Kup","K13",39,1497369535,0
"1618","T2","Kup","K13",40,1497369535,0
"30","T2","Kup","K14",0,1497369535,0
"78","T2","Kup","K14",1,1497369535,0
"126","T2","Kup","K14",2,1497369535,1
"174","T2","Kup","K14",3,1497369535,1
"222","T2","Kup","K14",4,1497369535,0
"270","T2","Kup","K14",5,1497369535,0
"318","T2","Kup","K14",6,1497369535,2
"366","T2","Kup","K14",7,1497369535,0
"414","T2","Kup","K14",8,1497369535,2
"462","T2","Kup","K14",9,1497369535,1
"510","T2","Kup","K14",10,1497369535,1
"558","T2","Kup","K14",12,1497369535,5
"603","T2","Kup","K14",13,1497369535,0
"641","T2","Kup","K14",14,1497369535,1
"679","T2","Kup","K14",15,1497369535,4
"717","T2","Kup","K14",16,1497369535,0
"755","T2","Kup","K14",17,1497369535,2
"793","T2","Kup","K14",18,1497369535,0
"831","T2","Kup","K14",19,1497369535,0
"869","T2","Kup","K14",20,1497369535,2
"907","T2","Kup","K14",21,1497369535,1
"945","T2","Kup","K14",22,1497369535,0
"983","T2","Kup","K14",23,1497369535,1
"1021","T2","Kup","K14",24,1497369535,4
"1059","T2","Kup","K14",25,1497369535,27
"1097","T2","Kup","K14",26,1497369535,14
"1135","T2","Kup","K14",27,1497369535,21
"1172","T2","Kup","K14",28,1497369535,6
"1210","T2","Kup","K14",29,1497369535,15
"1248","T2","Kup","K14",30,1497369535,6
"1286","T2","Kup","K14",31,1497369535,NA
"1324","T2","Kup","K14",32,1497369535,1
"1361","T2","Kup","K14",33,1497369535,0
"1399","T2","Kup","K14",34,1497369535,0
"1437","T2","Kup","K14",35,1497369535,1
"1505","T2","Kup","K14",37,1497369535,0
"1543","T2","Kup","K14",38,1497369535,0
"1581","T2","Kup","K14",39,1497369535,0
"1619","T2","Kup","K14",40,1497369535,0
"31","T2","Kup","K15",0,1497369535,0
"79","T2","Kup","K15",1,1497369535,1
"127","T2","Kup","K15",2,1497369535,1
"175","T2","Kup","K15",3,1497369535,2
"223","T2","Kup","K15",4,1497369535,1
"271","T2","Kup","K15",5,1497369535,2
"319","T2","Kup","K15",6,1497369535,1
"367","T2","Kup","K15",7,1497369535,0
"415","T2","Kup","K15",8,1497369535,0
"463","T2","Kup","K15",9,1497369535,4
"511","T2","Kup","K15",10,1497369535,1
"559","T2","Kup","K15",12,1497369535,17
"604","T2","Kup","K15",13,1497369535,6
"642","T2","Kup","K15",14,1497369535,3
"680","T2","Kup","K15",15,1497369535,1
"718","T2","Kup","K15",16,1497369535,0
"756","T2","Kup","K15",17,1497369535,1
"794","T2","Kup","K15",18,1497369535,2
"832","T2","Kup","K15",19,1497369535,0
"870","T2","Kup","K15",20,1497369535,3
"908","T2","Kup","K15",21,1497369535,3
"946","T2","Kup","K15",22,1497369535,2
"984","T2","Kup","K15",23,1497369535,1
"1022","T2","Kup","K15",24,1497369535,3
"1060","T2","Kup","K15",25,1497369535,16
"1098","T2","Kup","K15",26,1497369535,14
"1136","T2","Kup","K15",27,1497369535,7
"1173","T2","Kup","K15",28,1497369535,3
"1211","T2","Kup","K15",29,1497369535,9
"1249","T2","Kup","K15",30,1497369535,5
"1287","T2","Kup","K15",31,1497369535,1
"1325","T2","Kup","K15",32,1497369535,0
"1362","T2","Kup","K15",33,1497369535,0
"1400","T2","Kup","K15",34,1497369535,0
"1438","T2","Kup","K15",35,1497369535,0
"1506","T2","Kup","K15",37,1497369535,0
"1544","T2","Kup","K15",38,1497369535,0
"1582","T2","Kup","K15",39,1497369535,0
"1620","T2","Kup","K15",40,1497369535,1
"32","T2","Kup","K16",0,1497369525,0
"80","T2","Kup","K16",1,1497369525,5
"128","T2","Kup","K16",2,1497369525,4
"176","T2","Kup","K16",3,1497369525,0
"224","T2","Kup","K16",4,1497369525,0
"272","T2","Kup","K16",5,1497369525,4
"320","T2","Kup","K16",6,1497369525,3
"368","T2","Kup","K16",7,1497369525,9
"416","T2","Kup","K16",8,1497369525,5
"464","T2","Kup","K16",9,1497369525,1
"512","T2","Kup","K16",10,1497369525,4
"560","T2","Kup","K16",12,1497369525,17
"605","T2","Kup","K16",13,1497369525,2
"643","T2","Kup","K16",14,1497369525,5
"681","T2","Kup","K16",15,1497369525,0
"719","T2","Kup","K16",16,1497369525,4
"757","T2","Kup","K16",17,1497369525,1
"795","T2","Kup","K16",18,1497369525,2
"833","T2","Kup","K16",19,1497369525,0
"871","T2","Kup","K16",20,1497369525,1
"909","T2","Kup","K16",21,1497369525,0
"947","T2","Kup","K16",22,1497369525,1
"985","T2","Kup","K16",23,1497369525,0
"1023","T2","Kup","K16",24,1497369525,3
"1061","T2","Kup","K16",25,1497369525,6
"1099","T2","Kup","K16",26,1497369525,3
"1137","T2","Kup","K16",27,1497369525,4
"1174","T2","Kup","K16",28,1497369525,6
"1212","T2","Kup","K16",29,1497369525,4
"1250","T2","Kup","K16",30,1497369525,0
"1288","T2","Kup","K16",31,1497369525,1
"1326","T2","Kup","K16",32,1497369525,0
"1363","T2","Kup","K16",33,1497369525,1
"1401","T2","Kup","K16",34,1497369525,0
"1439","T2","Kup","K16",35,1497369525,0
"1507","T2","Kup","K16",37,1497369525,0
"1545","T2","Kup","K16",38,1497369525,0
"1583","T2","Kup","K16",39,1497369525,0
"1621","T2","Kup","K16",40,1497369525,1
"1631","T2","Oks 3","O1",2,1497491929,8
"1645","T2","Oks 3","O1",3,1497491929,2
"1659","T2","Oks 3","O1",4,1497491929,5
"1673","T2","Oks 3","O1",5,1497491929,1
"1687","T2","Oks 3","O1",6,1497491929,3
"1701","T2","Oks 3","O1",7,1497491929,3
"1715","T2","Oks 3","O1",8,1497491929,1
"1729","T2","Oks 3","O1",9,1497491929,3
"1743","T2","Oks 3","O1",11,1497491929,4
"1757","T2","Oks 3","O1",12,1497491929,22
"1770","T2","Oks 3","O1",13,1497491929,6
"1783","T2","Oks 3","O1",14,1497491929,4
"1796","T2","Oks 3","O1",15,1497491929,1
"1809","T2","Oks 3","O1",16,1497491929,7
"1822","T2","Oks 3","O1",17,1497491929,0
"1835","T2","Oks 3","O1",19,1497491929,0
"1848","T2","Oks 3","O1",19,1497491929,2
"1861","T2","Oks 3","O1",20,1497491929,6
"1874","T2","Oks 3","O1",21,1497491929,4
"1886","T2","Oks 3","O1",22,1497491929,5
"1899","T2","Oks 3","O1",23,1497491929,6
"1911","T2","Oks 3","O1",24,1497491929,20
"1924","T2","Oks 3","O1",25,1497491929,21
"1937","T2","Oks 3","O1",26,1497491929,7
"1950","T2","Oks 3","O1",27,1497491929,0
"1963","T2","Oks 3","O1",28,1497491929,4
"1976","T2","Oks 3","O1",29,1497491929,2
"1989","T2","Oks 3","O1",30,1497491929,0
"2002","T2","Oks 3","O1",31,1497491929,0
"2015","T2","Oks 3","O1",32,1497491929,1
"2028","T2","Oks 3","O1",33,1497491929,2
"2041","T2","Oks 3","O1",34,1497491929,9
"2054","T2","Oks 3","O1",35,1497491929,3
"2067","T2","Oks 3","O1",36,1497491929,7
"2080","T2","Oks 3","O1",37,1497491929,8
"2093","T2","Oks 3","O1",38,1497491929,1
"2106","T2","Oks 3","O1",39,1497491929,1
"2119","T2","Oks 3","O1",40,1497491929,0
"2132","T2","Oks 3","O1",41,1497491929,0
"1632","T2","Oks 3","O2",2,1497491930,2
"1646","T2","Oks 3","O2",3,1497491930,1
"1660","T2","Oks 3","O2",4,1497491930,8
"1674","T2","Oks 3","O2",5,1497491930,1
"1688","T2","Oks 3","O2",6,1497491930,4
"1702","T2","Oks 3","O2",7,1497491930,6
"1716","T2","Oks 3","O2",8,1497491930,2
"1730","T2","Oks 3","O2",9,1497491930,3
"1744","T2","Oks 3","O2",11,1497491930,2
"1758","T2","Oks 3","O2",12,1497491930,33
"1771","T2","Oks 3","O2",13,1497491930,2
"1784","T2","Oks 3","O2",14,1497491930,0
"1797","T2","Oks 3","O2",15,1497491930,0
"1810","T2","Oks 3","O2",16,1497491930,4
"1823","T2","Oks 3","O2",17,1497491930,3
"1836","T2","Oks 3","O2",19,1497491930,0
"1849","T2","Oks 3","O2",19,1497491930,0
"1862","T2","Oks 3","O2",20,1497491930,0
"1875","T2","Oks 3","O2",21,1497491930,0
"1887","T2","Oks 3","O2",22,1497491930,4
"1900","T2","Oks 3","O2",23,1497491930,0
"1912","T2","Oks 3","O2",24,1497491930,3
"1925","T2","Oks 3","O2",25,1497491930,4
"1938","T2","Oks 3","O2",26,1497491930,7
"1951","T2","Oks 3","O2",27,1497491930,14
"1964","T2","Oks 3","O2",28,1497491930,5
"1977","T2","Oks 3","O2",29,1497491930,1
"1990","T2","Oks 3","O2",30,1497491930,5
"2003","T2","Oks 3","O2",31,1497491930,0
"2016","T2","Oks 3","O2",32,1497491930,NA
"2029","T2","Oks 3","O2",33,1497491930,4
"2042","T2","Oks 3","O2",34,1497491930,3
"2055","T2","Oks 3","O2",35,1497491930,4
"2068","T2","Oks 3","O2",36,1497491930,4
"2081","T2","Oks 3","O2",37,1497491930,5
"2094","T2","Oks 3","O2",38,1497491930,3
"2107","T2","Oks 3","O2",39,1497491930,1
"2120","T2","Oks 3","O2",40,1497491930,1
"2133","T2","Oks 3","O2",41,1497491930,0
"1633","T2","Oks 3","O4",2,1497491956,0
"1647","T2","Oks 3","O4",3,1497491956,3
"1661","T2","Oks 3","O4",4,1497491956,61
"1675","T2","Oks 3","O4",5,1497491956,9
"1689","T2","Oks 3","O4",6,1497491956,6
"1703","T2","Oks 3","O4",7,1497491956,7
"1717","T2","Oks 3","O4",8,1497491956,4
"1731","T2","Oks 3","O4",9,1497491956,1
"1745","T2","Oks 3","O4",11,1497491956,5
"1759","T2","Oks 3","O4",12,1497491956,49
"1772","T2","Oks 3","O4",13,1497491956,25
"1785","T2","Oks 3","O4",14,1497491956,3
"1798","T2","Oks 3","O4",15,1497491956,25
"1811","T2","Oks 3","O4",16,1497491956,16
"1824","T2","Oks 3","O4",17,1497491956,2
"1837","T2","Oks 3","O4",19,1497491956,0
"1850","T2","Oks 3","O4",19,1497491956,7
"1863","T2","Oks 3","O4",20,1497491956,4
"1888","T2","Oks 3","O4",22,1497491956,1
"1901","T2","Oks 3","O4",23,1497491956,0
"1913","T2","Oks 3","O4",24,1497491956,6
"1926","T2","Oks 3","O4",25,1497491956,3
"1939","T2","Oks 3","O4",26,1497491956,4
"1952","T2","Oks 3","O4",27,1497491956,5
"1965","T2","Oks 3","O4",28,1497491956,0
"1978","T2","Oks 3","O4",29,1497491956,0
"1991","T2","Oks 3","O4",30,1497491956,5
"2004","T2","Oks 3","O4",31,1497491956,2
"2017","T2","Oks 3","O4",32,1497491956,1
"2030","T2","Oks 3","O4",33,1497491956,4
"2043","T2","Oks 3","O4",34,1497491956,6
"2056","T2","Oks 3","O4",35,1497491956,0
"2069","T2","Oks 3","O4",36,1497491956,2
"2082","T2","Oks 3","O4",37,1497491956,5
"2095","T2","Oks 3","O4",38,1497491956,5
"2108","T2","Oks 3","O4",39,1497491956,2
"2121","T2","Oks 3","O4",40,1497491956,2
"2134","T2","Oks 3","O4",41,1497491956,2
"1634","T2","Oks 3","O5",2,1497491984,3
"1648","T2","Oks 3","O5",3,1497491984,1
"1662","T2","Oks 3","O5",4,1497491984,0
"1676","T2","Oks 3","O5",5,1497491984,0
"1690","T2","Oks 3","O5",6,1497491984,1
"1704","T2","Oks 3","O5",7,1497491984,0
"1718","T2","Oks 3","O5",8,1497491984,0
"1732","T2","Oks 3","O5",9,1497491984,1
"1746","T2","Oks 3","O5",11,1497491984,1
"1760","T2","Oks 3","O5",12,1497491984,2
"1773","T2","Oks 3","O5",13,1497491984,4
"1786","T2","Oks 3","O5",14,1497491984,43
"1799","T2","Oks 3","O5",15,1497491984,0
"1812","T2","Oks 3","O5",16,1497491984,0
"1825","T2","Oks 3","O5",17,1497491984,0
"1838","T2","Oks 3","O5",19,1497491984,0
"1851","T2","Oks 3","O5",19,1497491984,0
"1864","T2","Oks 3","O5",20,1497491984,0
"1876","T2","Oks 3","O5",21,1497491984,0
"1889","T2","Oks 3","O5",22,1497491984,0
"1902","T2","Oks 3","O5",23,1497491984,0
"1914","T2","Oks 3","O5",24,1497491984,0
"1927","T2","Oks 3","O5",25,1497491984,0
"1940","T2","Oks 3","O5",26,1497491984,0
"1953","T2","Oks 3","O5",27,1497491984,0
"1966","T2","Oks 3","O5",28,1497491984,0
"1979","T2","Oks 3","O5",29,1497491984,0
"1992","T2","Oks 3","O5",30,1497491984,0
"2005","T2","Oks 3","O5",31,1497491984,0
"2018","T2","Oks 3","O5",32,1497491984,0
"2031","T2","Oks 3","O5",33,1497491984,0
"2044","T2","Oks 3","O5",34,1497491984,0
"2057","T2","Oks 3","O5",35,1497491984,0
"2070","T2","Oks 3","O5",36,1497491984,0
"2083","T2","Oks 3","O5",37,1497491984,0
"2096","T2","Oks 3","O5",38,1497491984,0
"2109","T2","Oks 3","O5",39,1497491984,0
"2122","T2","Oks 3","O5",40,1497491984,0
"2135","T2","Oks 3","O5",41,1497491984,0
"1635","T2","Oks 3","O6",2,1497491924,0
"1649","T2","Oks 3","O6",3,1497491924,0
"1663","T2","Oks 3","O6",4,1497491924,0
"1677","T2","Oks 3","O6",5,1497491924,0
"1691","T2","Oks 3","O6",6,1497491924,0
"1705","T2","Oks 3","O6",7,1497491924,0
"1719","T2","Oks 3","O6",8,1497491924,0
"1733","T2","Oks 3","O6",9,1497491924,0
"1747","T2","Oks 3","O6",11,1497491924,1
"1761","T2","Oks 3","O6",12,1497491924,2
"1774","T2","Oks 3","O6",13,1497491924,5
"1787","T2","Oks 3","O6",14,1497491924,151
"1800","T2","Oks 3","O6",15,1497491924,1
"1813","T2","Oks 3","O6",16,1497491924,3
"1826","T2","Oks 3","O6",17,1497491924,2
"1839","T2","Oks 3","O6",19,1497491924,0
"1852","T2","Oks 3","O6",19,1497491924,2
"1865","T2","Oks 3","O6",20,1497491924,4
"1877","T2","Oks 3","O6",21,1497491924,0
"1890","T2","Oks 3","O6",22,1497491924,1
"1903","T2","Oks 3","O6",23,1497491924,1
"1915","T2","Oks 3","O6",24,1497491924,0
"1928","T2","Oks 3","O6",25,1497491924,0
"1941","T2","Oks 3","O6",26,1497491924,0
"1954","T2","Oks 3","O6",27,1497491924,1
"1967","T2","Oks 3","O6",28,1497491924,0
"1980","T2","Oks 3","O6",29,1497491924,1
"1993","T2","Oks 3","O6",30,1497491924,0
"2006","T2","Oks 3","O6",31,1497491924,0
"2019","T2","Oks 3","O6",32,1497491924,0
"2032","T2","Oks 3","O6",33,1497491924,0
"2045","T2","Oks 3","O6",34,1497491924,2
"2058","T2","Oks 3","O6",35,1497491924,0
"2071","T2","Oks 3","O6",36,1497491924,2
"2084","T2","Oks 3","O6",37,1497491924,1
"2097","T2","Oks 3","O6",38,1497491924,0
"2110","T2","Oks 3","O6",39,1497491924,1
"2123","T2","Oks 3","O6",40,1497491924,0
"2136","T2","Oks 3","O6",41,1497491924,0
"33","T3","Kup","K01",0,1497369587,0
"81","T3","Kup","K01",1,1497369587,1
"129","T3","Kup","K01",2,1497369587,8
"177","T3","Kup","K01",3,1497369587,43
"225","T3","Kup","K01",4,1497369587,52
"273","T3","Kup","K01",5,1497369587,28
"321","T3","Kup","K01",6,1497369587,5
"369","T3","Kup","K01",7,1497369587,6
"417","T3","Kup","K01",8,1497369587,16
"465","T3","Kup","K01",9,1497369587,21
"513","T3","Kup","K01",10,1497369587,34
"561","T3","Kup","K01",12,1497369587,96
"34","T3","Kup","K02",0,1497369565,0
"82","T3","Kup","K02",1,1497369565,0
"130","T3","Kup","K02",2,1497369565,35
"178","T3","Kup","K02",3,1497369565,20
"226","T3","Kup","K02",4,1497369565,13
"274","T3","Kup","K02",5,1497369565,6
"322","T3","Kup","K02",6,1497369565,2
"370","T3","Kup","K02",7,1497369565,1
"418","T3","Kup","K02",8,1497369565,6
"466","T3","Kup","K02",9,1497369565,5
"514","T3","Kup","K02",10,1497369565,12
"562","T3","Kup","K02",12,1497369565,176
"606","T3","Kup","K02",13,1497369565,0
"644","T3","Kup","K02",14,1497369565,1
"682","T3","Kup","K02",15,1497369565,1
"720","T3","Kup","K02",16,1497369565,0
"758","T3","Kup","K02",17,1497369565,1
"796","T3","Kup","K02",18,1497369565,1
"834","T3","Kup","K02",19,1497369565,0
"872","T3","Kup","K02",20,1497369565,0
"910","T3","Kup","K02",21,1497369565,0
"948","T3","Kup","K02",22,1497369565,0
"986","T3","Kup","K02",23,1497369565,0
"1024","T3","Kup","K02",24,1497369565,1
"1062","T3","Kup","K02",25,1497369565,2
"1100","T3","Kup","K02",26,1497369565,1
"1175","T3","Kup","K02",28,1497369565,0
"1213","T3","Kup","K02",29,1497369565,0
"1251","T3","Kup","K02",30,1497369565,0
"1289","T3","Kup","K02",31,1497369565,0
"1327","T3","Kup","K02",32,1497369565,NA
"1364","T3","Kup","K02",33,1497369565,2
"1402","T3","Kup","K02",34,1497369565,0
"1440","T3","Kup","K02",35,1497369565,NA
"1470","T3","Kup","K02",36,1497369565,0
"1508","T3","Kup","K02",37,1497369565,0
"1546","T3","Kup","K02",38,1497369565,0
"1584","T3","Kup","K02",39,1497369565,0
"1622","T3","Kup","K02",40,1497369565,0
"35","T3","Kup","K03",0,1497369574,0
"83","T3","Kup","K03",1,1497369574,0
"131","T3","Kup","K03",2,1497369574,2
"179","T3","Kup","K03",3,1497369574,7
"227","T3","Kup","K03",4,1497369574,3
"275","T3","Kup","K03",5,1497369574,4
"323","T3","Kup","K03",6,1497369574,1
"371","T3","Kup","K03",7,1497369574,0
"419","T3","Kup","K03",8,1497369574,0
"467","T3","Kup","K03",9,1497369574,0
"515","T3","Kup","K03",10,1497369574,55
"563","T3","Kup","K03",12,1497369574,213
"36","T3","Kup","K04",0,1497369515,0
"84","T3","Kup","K04",1,1497369515,0
"132","T3","Kup","K04",2,1497369515,1
"180","T3","Kup","K04",3,1497369515,1
"228","T3","Kup","K04",4,1497369515,6
"276","T3","Kup","K04",5,1497369515,15
"324","T3","Kup","K04",6,1497369515,10
"372","T3","Kup","K04",7,1497369515,13
"420","T3","Kup","K04",8,1497369515,7
"468","T3","Kup","K04",9,1497369515,0
"516","T3","Kup","K04",10,1497369515,0
"564","T3","Kup","K04",12,1497369515,26
"607","T3","Kup","K04",13,1497369515,1
"645","T3","Kup","K04",14,1497369515,2
"683","T3","Kup","K04",15,1497369515,1
"721","T3","Kup","K04",16,1497369515,4
"759","T3","Kup","K04",17,1497369515,7
"797","T3","Kup","K04",18,1497369515,18
"835","T3","Kup","K04",19,1497369515,13
"873","T3","Kup","K04",20,1497369515,16
"911","T3","Kup","K04",21,1497369515,4
"949","T3","Kup","K04",22,1497369515,7
"987","T3","Kup","K04",23,1497369515,3
"1025","T3","Kup","K04",24,1497369515,10
"1063","T3","Kup","K04",25,1497369515,21
"1101","T3","Kup","K04",26,1497369515,37
"1138","T3","Kup","K04",27,1497369515,3
"1176","T3","Kup","K04",28,1497369515,1
"1214","T3","Kup","K04",29,1497369515,15
"1252","T3","Kup","K04",30,1497369515,6
"1290","T3","Kup","K04",31,1497369515,0
"1328","T3","Kup","K04",32,1497369515,1
"1365","T3","Kup","K04",33,1497369515,2
"1403","T3","Kup","K04",34,1497369515,0
"1441","T3","Kup","K04",35,1497369515,1
"1471","T3","Kup","K04",36,1497369515,3
"1509","T3","Kup","K04",37,1497369515,0
"1547","T3","Kup","K04",38,1497369515,0
"1585","T3","Kup","K04",39,1497369515,0
"1623","T3","Kup","K04",40,1497369515,2
"37","T3","Kup","K05",0,1497369556,0
"85","T3","Kup","K05",1,1497369556,9
"133","T3","Kup","K05",2,1497369556,5
"181","T3","Kup","K05",3,1497369556,1
"229","T3","Kup","K05",4,1497369556,3
"277","T3","Kup","K05",5,1497369556,0
"325","T3","Kup","K05",6,1497369556,5
"373","T3","Kup","K05",7,1497369556,8
"421","T3","Kup","K05",8,1497369556,29
"469","T3","Kup","K05",9,1497369556,7
"517","T3","Kup","K05",10,1497369556,3
"565","T3","Kup","K05",12,1497369556,9
"608","T3","Kup","K05",13,1497369556,0
"646","T3","Kup","K05",14,1497369556,0
"684","T3","Kup","K05",15,1497369556,0
"722","T3","Kup","K05",16,1497369556,1
"760","T3","Kup","K05",17,1497369556,1
"798","T3","Kup","K05",18,1497369556,1
"836","T3","Kup","K05",19,1497369556,0
"874","T3","Kup","K05",20,1497369556,0
"912","T3","Kup","K05",21,1497369556,0
"950","T3","Kup","K05",22,1497369556,2
"988","T3","Kup","K05",23,1497369556,7
"1026","T3","Kup","K05",24,1497369556,1
"1064","T3","Kup","K05",25,1497369556,3
"1102","T3","Kup","K05",26,1497369556,1
"1139","T3","Kup","K05",27,1497369556,1
"1177","T3","Kup","K05",28,1497369556,1
"1215","T3","Kup","K05",29,1497369556,1
"1253","T3","Kup","K05",30,1497369556,2
"1291","T3","Kup","K05",31,1497369556,1
"1329","T3","Kup","K05",32,1497369556,0
"1366","T3","Kup","K05",33,1497369556,0
"1404","T3","Kup","K05",34,1497369556,0
"1442","T3","Kup","K05",35,1497369556,0
"1472","T3","Kup","K05",36,1497369556,1
"1510","T3","Kup","K05",37,1497369556,0
"1548","T3","Kup","K05",38,1497369556,1
"1586","T3","Kup","K05",39,1497369556,1
"1624","T3","Kup","K05",40,1497369556,0
"38","T3","Kup","K06",0,1497369593,0
"86","T3","Kup","K06",1,1497369593,3
"134","T3","Kup","K06",2,1497369593,190
"182","T3","Kup","K06",3,1497369593,50
"230","T3","Kup","K06",4,1497369593,34
"278","T3","Kup","K06",5,1497369593,14
"326","T3","Kup","K06",6,1497369593,1
"374","T3","Kup","K06",7,1497369593,11
"422","T3","Kup","K06",8,1497369593,3
"470","T3","Kup","K06",9,1497369593,5
"518","T3","Kup","K06",10,1497369593,2
"566","T3","Kup","K06",12,1497369593,6
"39","T3","Kup","K07",0,1497369545,0
"87","T3","Kup","K07",1,1497369545,4
"135","T3","Kup","K07",2,1497369545,4
"183","T3","Kup","K07",3,1497369545,2
"231","T3","Kup","K07",4,1497369545,6
"279","T3","Kup","K07",5,1497369545,1
"327","T3","Kup","K07",6,1497369545,1
"375","T3","Kup","K07",7,1497369545,2
"423","T3","Kup","K07",8,1497369545,4
"471","T3","Kup","K07",9,1497369545,9
"519","T3","Kup","K07",10,1497369545,13
"567","T3","Kup","K07",12,1497369545,13
"609","T3","Kup","K07",13,1497369545,2
"647","T3","Kup","K07",14,1497369545,1
"685","T3","Kup","K07",15,1497369545,0
"723","T3","Kup","K07",16,1497369545,8
"761","T3","Kup","K07",17,1497369545,7
"799","T3","Kup","K07",18,1497369545,11
"837","T3","Kup","K07",19,1497369545,17
"875","T3","Kup","K07",20,1497369545,23
"913","T3","Kup","K07",21,1497369545,2
"951","T3","Kup","K07",22,1497369545,2
"989","T3","Kup","K07",23,1497369545,20
"1027","T3","Kup","K07",24,1497369545,16
"1065","T3","Kup","K07",25,1497369545,20
"1103","T3","Kup","K07",26,1497369545,18
"1140","T3","Kup","K07",27,1497369545,5
"1178","T3","Kup","K07",28,1497369545,4
"1216","T3","Kup","K07",29,1497369545,6
"1254","T3","Kup","K07",30,1497369545,6
"1292","T3","Kup","K07",31,1497369545,12
"1330","T3","Kup","K07",32,1497369545,6
"1367","T3","Kup","K07",33,1497369545,5
"1405","T3","Kup","K07",34,1497369545,9
"1443","T3","Kup","K07",35,1497369545,2
"1473","T3","Kup","K07",36,1497369545,1
"1511","T3","Kup","K07",37,1497369545,3
"1549","T3","Kup","K07",38,1497369545,1
"1587","T3","Kup","K07",39,1497369545,1
"1625","T3","Kup","K07",40,1497369545,1
"40","T3","Kup","K08",0,1497369546,0
"88","T3","Kup","K08",1,1497369546,2
"136","T3","Kup","K08",2,1497369546,6
"184","T3","Kup","K08",3,1497369546,8
"232","T3","Kup","K08",4,1497369546,4
"280","T3","Kup","K08",5,1497369546,1
"328","T3","Kup","K08",6,1497369546,4
"376","T3","Kup","K08",7,1497369546,8
"424","T3","Kup","K08",8,1497369546,4
"472","T3","Kup","K08",9,1497369546,7
"520","T3","Kup","K08",10,1497369546,11
"568","T3","Kup","K08",12,1497369546,141
"610","T3","Kup","K08",13,1497369546,2
"648","T3","Kup","K08",14,1497369546,1
"686","T3","Kup","K08",15,1497369546,0
"724","T3","Kup","K08",16,1497369546,0
"762","T3","Kup","K08",17,1497369546,2
"800","T3","Kup","K08",18,1497369546,16
"838","T3","Kup","K08",19,1497369546,9
"876","T3","Kup","K08",20,1497369546,6
"914","T3","Kup","K08",21,1497369546,2
"952","T3","Kup","K08",22,1497369546,1
"990","T3","Kup","K08",23,1497369546,24
"1028","T3","Kup","K08",24,1497369546,8
"1066","T3","Kup","K08",25,1497369546,2
"1104","T3","Kup","K08",26,1497369546,3
"1141","T3","Kup","K08",27,1497369546,0
"1179","T3","Kup","K08",28,1497369546,2
"1217","T3","Kup","K08",29,1497369546,0
"1255","T3","Kup","K08",30,1497369546,0
"1293","T3","Kup","K08",31,1497369546,1
"1331","T3","Kup","K08",32,1497369546,2
"1368","T3","Kup","K08",33,1497369546,0
"1406","T3","Kup","K08",34,1497369546,0
"1444","T3","Kup","K08",35,1497369546,1
"1474","T3","Kup","K08",36,1497369546,0
"1512","T3","Kup","K08",37,1497369546,0
"1550","T3","Kup","K08",38,1497369546,0
"1588","T3","Kup","K08",39,1497369546,0
"1626","T3","Kup","K08",40,1497369546,0
"41","T3","Kup","K09",0,1497369585,0
"89","T3","Kup","K09",1,1497369585,11
"137","T3","Kup","K09",2,1497369585,17
"185","T3","Kup","K09",3,1497369585,8
"233","T3","Kup","K09",4,1497369585,2
"281","T3","Kup","K09",5,1497369585,0
"329","T3","Kup","K09",6,1497369585,0
"377","T3","Kup","K09",7,1497369585,5
"425","T3","Kup","K09",8,1497369585,7
"473","T3","Kup","K09",9,1497369585,7
"521","T3","Kup","K09",10,1497369585,74
"569","T3","Kup","K09",12,1497369585,187
"42","T3","Kup","K10",0,1497369588,0
"90","T3","Kup","K10",1,1497369588,7
"138","T3","Kup","K10",2,1497369588,20
"186","T3","Kup","K10",3,1497369588,144
"234","T3","Kup","K10",4,1497369588,75
"282","T3","Kup","K10",5,1497369588,12
"330","T3","Kup","K10",6,1497369588,15
"378","T3","Kup","K10",7,1497369588,8
"426","T3","Kup","K10",8,1497369588,24
"474","T3","Kup","K10",9,1497369588,5
"522","T3","Kup","K10",10,1497369588,15
"43","T3","Kup","K11",0,1497369586,0
"91","T3","Kup","K11",1,1497369586,7
"139","T3","Kup","K11",2,1497369586,6
"187","T3","Kup","K11",3,1497369586,3
"235","T3","Kup","K11",4,1497369586,2
"283","T3","Kup","K11",5,1497369586,0
"331","T3","Kup","K11",6,1497369586,2
"379","T3","Kup","K11",7,1497369586,0
"427","T3","Kup","K11",8,1497369586,21
"475","T3","Kup","K11",9,1497369586,8
"523","T3","Kup","K11",10,1497369586,115
"570","T3","Kup","K11",12,1497369586,137
"44","T3","Kup","K12",0,1497369585,0
"92","T3","Kup","K12",1,1497369585,4
"140","T3","Kup","K12",2,1497369585,17
"188","T3","Kup","K12",3,1497369585,23
"236","T3","Kup","K12",4,1497369585,2
"284","T3","Kup","K12",5,1497369585,1
"332","T3","Kup","K12",6,1497369585,0
"380","T3","Kup","K12",7,1497369585,0
"428","T3","Kup","K12",8,1497369585,1
"476","T3","Kup","K12",9,1497369585,27
"524","T3","Kup","K12",10,1497369585,265
"45","T3","Kup","K13",0,1497369575,0
"93","T3","Kup","K13",1,1497369575,3
"141","T3","Kup","K13",2,1497369575,21
"189","T3","Kup","K13",3,1497369575,51
"237","T3","Kup","K13",4,1497369575,9
"285","T3","Kup","K13",5,1497369575,17
"333","T3","Kup","K13",6,1497369575,13
"381","T3","Kup","K13",7,1497369575,5
"429","T3","Kup","K13",8,1497369575,5
"477","T3","Kup","K13",9,1497369575,11
"525","T3","Kup","K13",10,1497369575,203
"1369","T3","Kup","K13",33,1497369575,0
"46","T3","Kup","K14",0,1497369595,0
"94","T3","Kup","K14",1,1497369595,3
"142","T3","Kup","K14",2,1497369595,1
"190","T3","Kup","K14",3,1497369595,3
"238","T3","Kup","K14",4,1497369595,8
"286","T3","Kup","K14",5,1497369595,2
"334","T3","Kup","K14",6,1497369595,4
"382","T3","Kup","K14",7,1497369595,2
"430","T3","Kup","K14",8,1497369595,11
"478","T3","Kup","K14",9,1497369595,42
"526","T3","Kup","K14",10,1497369595,261
"571","T3","Kup","K14",12,1497369595,0
"47","T3","Kup","K15",0,1497369584,0
"95","T3","Kup","K15",1,1497369584,0
"143","T3","Kup","K15",2,1497369584,3
"191","T3","Kup","K15",3,1497369584,8
"239","T3","Kup","K15",4,1497369584,14
"287","T3","Kup","K15",5,1497369584,5
"335","T3","Kup","K15",6,1497369584,5
"383","T3","Kup","K15",7,1497369584,4
"431","T3","Kup","K15",8,1497369584,12
"479","T3","Kup","K15",9,1497369584,40
"527","T3","Kup","K15",10,1497369584,147
"572","T3","Kup","K15",12,1497369584,62
"48","T3","Kup","K16",0,1497369560,0
"96","T3","Kup","K16",1,1497369560,4
"144","T3","Kup","K16",2,1497369560,2
"192","T3","Kup","K16",3,1497369560,1
"240","T3","Kup","K16",4,1497369560,17
"288","T3","Kup","K16",5,1497369560,8
"336","T3","Kup","K16",6,1497369560,0
"384","T3","Kup","K16",7,1497369560,8
"432","T3","Kup","K16",8,1497369560,5
"480","T3","Kup","K16",9,1497369560,16
"528","T3","Kup","K16",10,1497369560,173
"573","T3","Kup","K16",12,1497369560,36
"611","T3","Kup","K16",13,1497369560,1
"649","T3","Kup","K16",14,1497369560,0
"687","T3","Kup","K16",15,1497369560,0
"725","T3","Kup","K16",16,1497369560,0
"763","T3","Kup","K16",17,1497369560,0
"801","T3","Kup","K16",18,1497369560,1
"839","T3","Kup","K16",18,1497369560,0
"877","T3","Kup","K16",20,1497369560,3
"915","T3","Kup","K16",21,1497369560,0
"953","T3","Kup","K16",22,1497369560,1
"991","T3","Kup","K16",23,1497369560,0
"1029","T3","Kup","K16",24,1497369560,3
"1067","T3","Kup","K16",25,1497369560,2
"1105","T3","Kup","K16",26,1497369560,0
"1142","T3","Kup","K16",27,1497369560,0
"1180","T3","Kup","K16",28,1497369560,0
"1218","T3","Kup","K16",29,1497369560,1
"1256","T3","Kup","K16",30,1497369560,0
"1294","T3","Kup","K16",31,1497369560,1
"1407","T3","Kup","K16",34,1497369560,0
"1445","T3","Kup","K16",35,1497369560,5
"1475","T3","Kup","K16",36,1497369560,5
"1513","T3","Kup","K16",37,1497369560,1
"1551","T3","Kup","K16",38,1497369560,3
"1589","T3","Kup","K16",39,1497369560,0
"1627","T3","Kup","K16",40,1497369560,0
"1636","T3","Oks 3","O1",2,1497491960,6
"1650","T3","Oks 3","O1",3,1497491960,13
"1664","T3","Oks 3","O1",4,1497491960,14
"1678","T3","Oks 3","O1",5,1497491960,8
"1692","T3","Oks 3","O1",6,1497491960,3
"1706","T3","Oks 3","O1",7,1497491960,5
"1720","T3","Oks 3","O1",8,1497491960,3
"1734","T3","Oks 3","O1",9,1497491960,4
"1748","T3","Oks 3","O1",11,1497491960,210
"1762","T3","Oks 3","O1",12,1497491960,1
"1775","T3","Oks 3","O1",13,1497491960,1
"1788","T3","Oks 3","O1",14,1497491960,0
"1801","T3","Oks 3","O1",15,1497491960,0
"1814","T3","Oks 3","O1",16,1497491960,0
"1827","T3","Oks 3","O1",17,1497491960,0
"1840","T3","Oks 3","O1",18,1497491960,6
"1853","T3","Oks 3","O1",19,1497491960,4
"1866","T3","Oks 3","O1",20,1497491960,2
"1878","T3","Oks 3","O1",21,1497491960,4
"1891","T3","Oks 3","O1",22,1497491960,0
"1904","T3","Oks 3","O1",23,1497491960,0
"1916","T3","Oks 3","O1",24,1497491960,1
"1929","T3","Oks 3","O1",25,1497491960,3
"1942","T3","Oks 3","O1",26,1497491960,2
"1955","T3","Oks 3","O1",27,1497491960,2
"1968","T3","Oks 3","O1",28,1497491960,5
"1981","T3","Oks 3","O1",29,1497491960,2
"1994","T3","Oks 3","O1",30,1497491960,0
"2007","T3","Oks 3","O1",31,1497491960,NA
"2020","T3","Oks 3","O1",32,1497491960,0
"2033","T3","Oks 3","O1",33,1497491960,1
"2046","T3","Oks 3","O1",34,1497491960,0
"2059","T3","Oks 3","O1",35,1497491960,0
"2072","T3","Oks 3","O1",36,1497491960,1
"2085","T3","Oks 3","O1",37,1497491960,2
"2098","T3","Oks 3","O1",38,1497491960,1
"2111","T3","Oks 3","O1",39,1497491960,0
"2124","T3","Oks 3","O1",40,1497491960,0
"2137","T3","Oks 3","O1",41,1497491960,0
"1637","T3","Oks 3","O2",2,1497491944,0
"1651","T3","Oks 3","O2",3,1497491944,14
"1665","T3","Oks 3","O2",4,1497491944,13
"1679","T3","Oks 3","O2",5,1497491944,9
"1693","T3","Oks 3","O2",6,1497491944,4
"1707","T3","Oks 3","O2",7,1497491944,18
"1721","T3","Oks 3","O2",8,1497491944,3
"1735","T3","Oks 3","O2",9,1497491944,3
"1749","T3","Oks 3","O2",11,1497491944,27
"1763","T3","Oks 3","O2",12,1497491944,1
"1776","T3","Oks 3","O2",13,1497491944,3
"1789","T3","Oks 3","O2",14,1497491944,0
"1802","T3","Oks 3","O2",15,1497491944,0
"1815","T3","Oks 3","O2",16,1497491944,3
"1828","T3","Oks 3","O2",17,1497491944,2
"1841","T3","Oks 3","O2",18,1497491944,5
"1854","T3","Oks 3","O2",19,1497491944,15
"1867","T3","Oks 3","O2",20,1497491944,1
"1879","T3","Oks 3","O2",21,1497491944,3
"1892","T3","Oks 3","O2",22,1497491944,6
"1905","T3","Oks 3","O2",23,1497491944,12
"1917","T3","Oks 3","O2",24,1497491944,4
"1930","T3","Oks 3","O2",25,1497491944,10
"1943","T3","Oks 3","O2",26,1497491944,15
"1956","T3","Oks 3","O2",27,1497491944,2
"1969","T3","Oks 3","O2",28,1497491944,18
"1982","T3","Oks 3","O2",29,1497491944,4
"1995","T3","Oks 3","O2",30,1497491944,0
"2008","T3","Oks 3","O2",31,1497491944,NA
"2021","T3","Oks 3","O2",32,1497491944,2
"2034","T3","Oks 3","O2",33,1497491944,1
"2047","T3","Oks 3","O2",34,1497491944,1
"2060","T3","Oks 3","O2",35,1497491944,2
"2073","T3","Oks 3","O2",36,1497491944,1
"2086","T3","Oks 3","O2",37,1497491944,3
"2099","T3","Oks 3","O2",38,1497491944,5
"2112","T3","Oks 3","O2",39,1497491944,1
"2125","T3","Oks 3","O2",40,1497491944,0
"2138","T3","Oks 3","O2",41,1497491944,2
"1638","T3","Oks 3","O4",2,1497491991,3
"1652","T3","Oks 3","O4",3,1497491991,62
"1666","T3","Oks 3","O4",4,1497491991,59
"1680","T3","Oks 3","O4",5,1497491991,26
"1694","T3","Oks 3","O4",6,1497491991,18
"1708","T3","Oks 3","O4",7,1497491991,12
"1722","T3","Oks 3","O4",8,1497491991,10
"1736","T3","Oks 3","O4",9,1497491991,11
"1750","T3","Oks 3","O4",11,1497491991,133
"1639","T3","Oks 3","O6",2,1497491963,0
"1653","T3","Oks 3","O6",3,1497491963,0
"1667","T3","Oks 3","O6",4,1497491963,3
"1681","T3","Oks 3","O6",5,1497491963,17
"1695","T3","Oks 3","O6",6,1497491963,19
"1709","T3","Oks 3","O6",7,1497491963,130
"1723","T3","Oks 3","O6",8,1497491963,3
"1737","T3","Oks 3","O6",9,1497491963,0
"1751","T3","Oks 3","O6",11,1497491963,2
"1764","T3","Oks 3","O6",12,1497491963,6
"1777","T3","Oks 3","O6",13,1497491963,0
"1790","T3","Oks 3","O6",14,1497491963,0
"1803","T3","Oks 3","O6",15,1497491963,0
"1816","T3","Oks 3","O6",16,1497491963,0
"1829","T3","Oks 3","O6",17,1497491963,0
"1842","T3","Oks 3","O6",18,1497491963,0
"1855","T3","Oks 3","O6",19,1497491963,3
"1868","T3","Oks 3","O6",20,1497491963,0
"1880","T3","Oks 3","O6",21,1497491963,1
"1893","T3","Oks 3","O6",22,1497491963,3
"1918","T3","Oks 3","O6",24,1497491963,4
"1931","T3","Oks 3","O6",25,1497491963,3
"1944","T3","Oks 3","O6",26,1497491963,4
"1957","T3","Oks 3","O6",27,1497491963,6
"1970","T3","Oks 3","O6",28,1497491963,4
"1983","T3","Oks 3","O6",29,1497491963,4
"1996","T3","Oks 3","O6",30,1497491963,1
"2009","T3","Oks 3","O6",31,1497491963,8
"2022","T3","Oks 3","O6",32,1497491963,4
"2035","T3","Oks 3","O6",33,1497491963,8
"2048","T3","Oks 3","O6",34,1497491963,1
"2061","T3","Oks 3","O6",35,1497491963,3
"2074","T3","Oks 3","O6",36,1497491963,0
"2087","T3","Oks 3","O6",37,1497491963,3
"2100","T3","Oks 3","O6",38,1497491963,2
"2113","T3","Oks 3","O6",39,1497491963,2
"2126","T3","Oks 3","O6",40,1497491963,0
"2139","T3","Oks 3","O6",41,1497491963,0
