"","tank_aq","Date","temp_C","minimum","maximum","n","v","se","na.rm"
"1","T1_A1",2017-05-21,7.04545454545455,6.875,7.25,66,0.014729020979021,0.0149387745324247,1
"2","T1_A1",2017-05-22,7.0546875,6.625,7.25,144,0.021136090472028,0.0121152138262496,1
"3","T1_A1",2017-05-23,7.09982638888889,6.875,7.25,144,0.00646413048756799,0.00669998470539713,1
"4","T1_A1",2017-05-24,7.08159722222222,6.875,7.25,144,0.0131816967754468,0.00956763089487688,1
"5","T1_A1",2017-05-25,7.09288194444444,6.875,7.375,144,0.00759320974164724,0.00726158544712404,1
"6","T1_A1",2017-05-26,7.02534965034965,6.75,7.25,143,0.0214699473062149,0.0122531421134276,1
"7","T1_A1",2017-05-27,6.97395833333333,6.625,7.125,144,0.0218258304195804,0.0123113064620552,1
"8","T1_A1",2017-05-28,6.99739583333333,6.625,7.125,144,0.0212999890734266,0.012162096479953,1
"9","T1_A1",2017-05-29,7.08850364963504,6.75,8.375,137,0.0379505018248175,0.016643646301966,1
"10","T1_A1",2017-05-30,7.26475694444444,7.125,7.375,144,0.00426060484654235,0.00543944240309097,1
"11","T1_A1",2017-05-31,7.21354166666667,7,7.375,144,0.0124289772727273,0.00929044359391505,1
"12","T1_A1",2017-06-01,7.17361111111111,7,7.375,144,0.0140102952602953,0.00986375775682796,1
"13","T1_A1",2017-06-02,7.14322916666667,6.875,7.375,144,0.0187868771853147,0.0114221024727507,1
"14","T1_A1",2017-06-03,7.18055555555556,6.875,7.5,144,0.0180895493395493,0.0112081162740907,1
"15","T1_A1",2017-06-04,7.14670138888889,7,7.375,144,0.0112171899281274,0.00882593634005269,1
"16","T1_A1",2017-06-05,7.13368055555556,6.75,7.375,144,0.0180622329059829,0.0111996505730409,1
"17","T1_A1",2017-06-06,7.15364583333333,6.875,7.375,144,0.0209175590034965,0.012052419940127,1
"18","T1_A1",2017-06-07,7.13888888888889,6.75,7.375,144,0.0277777777777778,0.0138888888888889,1
"19","T1_A1",2017-06-08,7.13368055555556,6.875,7.375,144,0.0217772678710179,0.0122976024851216,1
"20","T1_A1",2017-06-09,7.33159722222222,6.875,8.5,144,0.0973163121600622,0.025996302108834,1
"21","T1_A1",2017-06-10,7.26329787234043,7.25,7.75,47,0.00559377890841813,0.0109094716883786,1
"22","T1_A1",2017-06-17,7.07065217391304,6.875,7.25,23,0.0253211462450593,0.0331801055145866,1
"23","T1_A1",2017-06-18,7.12152777777778,6.75,7.375,144,0.0246819153069153,0.0130920659038731,1
"24","T1_A1",2017-06-19,6.93229166666667,6.375,7.5,144,0.114483173076923,0.0281961351120399,1
"25","T1_A1",2017-06-20,6.98350694444444,6.375,7.5,144,0.122431496454934,0.0291585103422909,1
"26","T1_A1",2017-06-21,7.02083333333333,6.125,7.5,144,0.107736013986014,0.0273526372365036,1
"27","T1_A1",2017-06-22,7.02430555555556,6.75,7.375,144,0.0273771367521368,0.0137883648495089,1
"28","T1_A1",2017-06-23,7.09722222222222,6.875,7.375,144,0.0243541181041181,0.0130048383368455,1
"29","T1_A1",2017-06-24,6.69270833333333,5,7.25,144,0.504124781468531,0.0591681209603272,1
"30","T1_A1",2017-06-25,7.04947916666667,6.625,7.375,144,0.019497104458042,0.0116360026957887,1
"31","T1_A1",2017-06-26,7.0078125,6.75,7.375,144,0.0271457058566434,0.013729961625099,1
"32","T1_A1",2017-06-27,7.03472222222222,6.5,7.375,144,0.0503593628593629,0.0187007432374883,1
"33","T1_A1",2017-06-28,7.31423611111111,6.625,9.625,144,0.257427034770785,0.042281056532019,1
"34","T1_A1",2017-06-29,7.12847222222222,6.875,7.375,144,0.0203112859362859,0.0118764724047069,1
"35","T1_A1",2017-06-30,6.890625,6.625,7.25,144,0.0334079982517482,0.0152315458131919,1
"36","T1_A1",2017-07-01,7.22395833333333,6.875,7.5,144,0.0283817744755245,0.0140390760408237,1
"37","T1_A1",2017-07-02,7.44642857142857,7.375,7.5,7,0.00446428571428571,0.0252538136138053,1
"38","T1_A1",2017-07-03,7.54427083333333,7.5,7.625,144,0.00359894012237762,0.00499926391969193,1
"39","T1_A1",2017-07-04,7.40451388888889,7.125,7.625,144,0.0192277340714841,0.0115553421001705,1
"40","T1_A1",2017-07-05,7.75607638888889,7.375,8.375,144,0.111086071047009,0.0277746475934,1
"41","T1_A1",2017-07-06,8.88541666666667,8,10.75,144,0.748798076923077,0.0721109329110305,1
"42","T1_A1",2017-07-07,8.80381944444444,7.5,10.125,144,1.19835069444444,0.0912243378848587,1
"43","T1_A1",2017-07-08,7.18402777777778,6.625,7.75,144,0.109035062160062,0.0275170480187664,1
"44","T1_A1",2017-07-09,7.08854166666667,6.75,7.375,144,0.024885270979021,0.0131458883989922,1
"45","T1_A1",2017-07-10,7.13541666666667,6.75,7.375,144,0.0289554195804196,0.0141802433914867,1
"46","T1_A1",2017-07-11,7.10677083333333,6.875,7.375,144,0.0251242897727273,0.0132088695403062,1
"47","T1_A1",2017-07-12,7.11197916666667,6.875,7.375,144,0.0217916848776224,0.0123016724466021,1
"48","T1_A1",2017-07-13,7.10590277777778,6.875,7.375,144,0.0158040743978244,0.010476188078283,1
"49","T1_A1",2017-07-14,7.07725694444444,6.75,7.375,144,0.0205411992521368,0.011943501037331,1
"50","T1_A1",2017-07-15,7.0625,6.875,7.375,144,0.0179195804195804,0.0111553364221583,1
"51","T1_A1",2017-07-16,7.14149305555556,6.875,7.375,144,0.017973454496892,0.0111720927416674,1
"52","T1_A1",2017-07-17,7.1015625,6.875,7.25,16,0.0150390625,0.0306584638599197,1
"53","T1_A1",2017-08-03,7.09375,7,7.25,32,0.0100806451612903,0.0177488073202208,1
"54","T1_A1",2017-08-04,6.96440972222222,6.5,7.25,144,0.0357655582264957,0.0157598201807141,1
"55","T1_A1",2017-08-05,6.9296875,6.375,7.25,144,0.035122104458042,0.0156174102584534,1
"56","T1_A1",2017-08-06,6.8515625,6.375,7.25,144,0.0421697443181818,0.0171127276216867,1
"57","T1_A1",2017-08-07,6.92100694444444,6.5,7.25,144,0.0204865663850039,0.0119276075605329,1
"58","T1_A1",2017-08-08,6.95746527777778,6.5,7.75,144,0.0500793694153069,0.0186486835652656,1
"59","T1_A1",2017-08-09,6.94357638888889,6.625,7.25,144,0.0257495325854701,0.0133722174118659,1
"60","T1_A1",2017-08-10,6.98003472222222,6.75,7.25,144,0.0176274463383838,0.0110640327997676,1
"61","T1_A1",2017-08-11,7.09809027777778,7,7.25,144,0.00746573305167055,0.00720037279690287,1
"62","T1_A1",2017-08-12,7.11892361111111,6.875,7.25,144,0.0103430640540016,0.00847507130992679,1
"63","T1_A1",2017-08-13,7.17447916666667,6.875,7.625,144,0.0116299715909091,0.00898686216671511,1
"64","T1_A1",2017-08-14,7.14583333333333,7.125,7.25,144,0.00218531468531469,0.00389561245836857,1
"65","T1_A1",2017-08-15,7.1640625,7,7.375,144,0.00643984921328671,0.00668738925831814,1
"66","T1_A1",2017-08-16,7.09651898734177,6.875,7.25,79,0.00598932976306394,0.00870714079352561,1
"67","T1_A2",2017-05-21,7.30681818181818,7.125,7.5,66,0.0173951048951049,0.0162345987132537,1
"68","T1_A2",2017-05-22,7.35590277777778,6.875,7.5,144,0.0278233051670552,0.013900266076354,1
"69","T1_A2",2017-05-23,7.42621527777778,7.25,7.625,144,0.00773889738733489,0.00733091692543323,1
"70","T1_A2",2017-05-24,7.3671875,7,7.625,144,0.0229936079545455,0.0126363694555706,1
"71","T1_A2",2017-05-25,7.38715277777778,7,7.625,144,0.0123075709013209,0.00924495767271457,1
"72","T1_A2",2017-05-26,7.23524305555556,6.75,7.625,144,0.0628270384129759,0.020887768618689,1
"73","T1_A2",2017-05-27,7.05729166666667,6.625,7.375,144,0.0377786276223776,0.016197270779701,1
"74","T1_A2",2017-05-28,7.07986111111111,6.625,7.25,144,0.0329132672882673,0.015118345020819,1
"75","T1_A2",2017-05-29,7.1491935483871,6.75,8.125,124,0.0342168240230789,0.0166115059286742,1
"76","T1_A2",2017-06-17,6.90217391304348,6.625,7.125,23,0.0340291501976285,0.0384646366089959,1
"77","T1_A2",2017-06-18,6.97309027777778,6.625,7.25,144,0.0339080407439782,0.0153451133969911,1
"78","T1_A2",2017-06-19,6.74826388888889,6,7.375,144,0.156465496309246,0.0329630997721996,1
"79","T1_A2",2017-06-20,6.81944444444444,6,7.375,144,0.164505633255633,0.0337994116952041,1
"80","T1_A2",2017-06-21,6.87152777777778,5.875,7.375,144,0.139192404817405,0.0310904152809687,1
"81","T1_A2",2017-06-22,6.87760416666667,6.5,7.25,144,0.0341933457167832,0.0154095356743765,1
"82","T1_A2",2017-06-23,6.95833333333333,6.625,7.25,144,0.0321241258741259,0.0149360037312263,1
"83","T1_A2",2017-06-24,6.54340277777778,4.75,7.25,144,0.594475403069153,0.0642518591964657,1
"84","T1_A2",2017-06-25,6.92621527777778,6.5,7.25,144,0.024128757527195,0.0129445284255965,1
"85","T1_A2",2017-06-26,6.86805555555556,6.5,7.25,144,0.0373203185703186,0.0160987228984335,1
"86","T1_A2",2017-06-27,6.87760416666667,6.25,7.25,144,0.0656618771853147,0.021353811327989,1
"87","T1_A2",2017-06-28,7.23003472222222,6.375,10.5,144,0.450538285499223,0.0559351239718355,1
"88","T1_A2",2017-06-29,6.97222222222222,6.625,7.25,144,0.0258838383838384,0.0134070458217142,1
"89","T1_A2",2017-06-30,6.71180555555556,6.375,7,144,0.0424558080808081,0.0171706726880797,1
"90","T1_A2",2017-07-01,7.06336805555556,6.625,7.25,144,0.0367125279234654,0.0159670946192356,1
"91","T1_A2",2017-07-02,7.25,7.25,7.25,6,0,0,1
"92","T1_A2",2017-07-03,7.20920138888889,7.125,7.375,144,0.00455198013791764,0.00562236366486406,1
"93","T1_A2",2017-07-04,7.0703125,6.75,7.25,144,0.0178581184440559,0.0111361892681947,1
"94","T1_A2",2017-07-05,7.44965277777778,7,8.125,144,0.120699179292929,0.0289514895141819,1
"95","T1_A2",2017-07-06,8.51649305555556,7.75,10.125,144,0.622431496454934,0.0657452731959014,1
"96","T1_A2",2017-07-07,8.30555555555556,6.75,9.875,144,1.41975038850039,0.0992943991266343,1
"97","T1_A2",2017-07-08,6.73697916666667,6,7.375,144,0.135865111451049,0.0307165707462611,1
"98","T1_A2",2017-07-09,6.67447916666667,6.25,7.125,144,0.0439726289335664,0.0174747096887279,1
"99","T1_A2",2017-07-10,6.73784722222222,6.125,7.125,144,0.057106521950272,0.0199141424394602,1
"100","T1_A2",2017-07-11,6.69704861111111,6.25,7.125,144,0.0610969976204351,0.0205981723873131,1
"101","T1_A2",2017-07-12,6.73177083333333,6.375,7.125,144,0.0404214925699301,0.0167542475066296,1
"102","T1_A2",2017-07-13,6.65451388888889,6.25,7,144,0.0351805312742813,0.0156303949073684,1
"103","T1_A2",2017-07-14,6.60850694444444,6.125,7.125,144,0.052501426524864,0.0190943248049257,1
"104","T1_A2",2017-07-15,6.56336805555556,6.125,7,144,0.0482946957556333,0.0183133784877707,1
"105","T1_A2",2017-07-16,6.71961805555556,6.375,7.125,144,0.0382968810703186,0.0163079907710399,1
"106","T1_A2",2017-07-17,6.72058823529412,6.375,7,17,0.0479090073529412,0.0530865039639472,1
"107","T1_A2",2017-08-03,7.41287878787879,7.25,7.625,33,0.0112156723484848,0.018435532513193,1
"108","T1_A2",2017-08-04,7.29774305555556,7,7.625,144,0.0270971433080808,0.0137176749599237,1
"109","T1_A2",2017-08-05,7.31510416666667,6.75,7.625,144,0.0347396743881119,0.0155321517764389,1
"110","T1_A2",2017-08-06,7.17795138888889,6.375,7.5,144,0.065249095522533,0.0212865854214921,1
"111","T1_A2",2017-08-07,7.22222222222222,6.75,7.5,144,0.0300359362859363,0.0144423990692183,1
"112","T1_A2",2017-08-08,7.33854166666667,6.875,8.625,144,0.0777698863636364,0.0232393772572122,1
"113","T1_A2",2017-08-09,7.29166666666667,7,7.625,144,0.0264423076923077,0.0135509090747498,1
"114","T1_A2",2017-08-10,7.25954861111111,6.875,7.625,144,0.0268968227952603,0.0136668757085792,1
"115","T1_A2",2017-08-11,7.36371527777778,7.125,7.625,144,0.0130929183663559,0.00953535758169585,1
"116","T1_A2",2017-08-12,7.39756944444444,7.125,7.5,144,0.0117248203185703,0.0090234341203006,1
"117","T1_A2",2017-08-13,7.4921875,7.375,8.625,144,0.0369796219405594,0.0160250719231701,1
"118","T1_A2",2017-08-14,7.42881944444444,7.375,7.5,144,0.00385768745143745,0.00517585704888938,1
"119","T1_A2",2017-08-15,7.453125,7.25,7.625,144,0.00915100524475524,0.00797174055856201,1
"120","T1_A2",2017-08-16,7.37658227848101,7.25,7.5,79,0.00500547711781889,0.00795992901009857,1
"121","T1_A3",2017-05-21,7.51704545454545,7.125,7.875,66,0.0393684440559441,0.024423177037503,1
"122","T1_A3",2017-05-22,7.69704861111111,7.125,8,144,0.0484221724456099,0.0183375321793268,1
"123","T1_A3",2017-05-23,7.77951388888889,7.375,7.875,144,0.0152941676379176,0.0103057992162442,1
"124","T1_A3",2017-05-24,7.71180555555556,7.375,8,144,0.0313107031857032,0.0147456922112733,1
"125","T1_A3",2017-05-25,7.74392361111111,7.375,7.875,144,0.014276630487568,0.00995707121973011,1
"126","T1_A3",2017-05-26,7.41695804195804,6.75,7.875,143,0.16636092780459,0.0341081094682867,1
"127","T1_A3",2017-05-27,7.06597222222222,6.625,7.375,144,0.0406347125097125,0.016798378003238,1
"128","T1_A3",2017-05-28,7.07899305555556,6.625,7.375,144,0.0342540489024864,0.0154232078245934,1
"129","T1_A3",2017-05-29,7.1478102189781,6.625,7.625,137,0.0317598754830399,0.0152257646322058,1
"130","T1_A3",2017-05-30,7.15451388888889,6.875,7.25,144,0.0102679438616939,0.00844423861021273,1
"131","T1_A3",2017-05-31,7.08246527777778,6.625,7.375,144,0.0380601386460761,0.016257506523927,1
"132","T1_A3",2017-06-01,7.015625,6.625,7.375,144,0.0445531031468531,0.0175896716749041,1
"133","T1_A3",2017-06-02,6.93315972222222,6.375,7.25,144,0.077996764520202,0.0232732506981074,1
"134","T1_A3",2017-06-03,6.9375,6.5,7.25,144,0.058784965034965,0.0202046757918538,1
"135","T1_A3",2017-06-04,6.9765625,6.625,7.25,144,0.0369249890734266,0.0160132300062208,1
"136","T1_A3",2017-06-05,7.04774305555556,6.5,7.25,144,0.0426128775738151,0.0172024056727328,1
"137","T1_A3",2017-06-06,7.06423611111111,6.625,7.375,144,0.0491665452602953,0.0184779420414013,1
"138","T1_A3",2017-06-07,7.01736111111111,6.5,7.375,144,0.0639447358197358,0.0210727469831257,1
"139","T1_A3",2017-06-08,7.00954861111111,6.625,7.375,144,0.0502796899281274,0.0186859442734311,1
"140","T1_A3",2017-06-09,7.10850694444444,6.5,7.5,144,0.0470381398115773,0.0180735649137493,1
"141","T1_A3",2017-06-10,7.22872340425532,7.125,7.5,47,0.00497224791859389,0.0102855485466869,1
"142","T1_A3",2017-06-17,6.703125,6.375,7,24,0.0540930706521739,0.0474750244216955,1
"143","T1_A3",2017-06-18,6.78385416666667,6.25,7.25,144,0.0612366149475524,0.0206216941706814,1
"144","T1_A3",2017-06-19,6.56597222222222,5.625,7.25,144,0.219611985236985,0.0390523140263467,1
"145","T1_A3",2017-06-20,6.66059027777778,5.75,7.25,144,0.220206117667055,0.039105103892787,1
"146","T1_A3",2017-06-21,6.78038194444444,5.5,7.25,144,0.205691985965423,0.0377943986485343,1
"147","T1_A3",2017-06-22,6.70138888888889,6.25,7.125,144,0.0649281274281274,0.0212341652486374,1
"148","T1_A3",2017-06-23,6.79861111111111,6.375,7.25,144,0.0568424630924631,0.0198680478918034,1
"149","T1_A3",2017-06-24,6.34635416666667,4.25,7.125,144,0.76698399256993,0.0729813519070459,1
"150","T1_A3",2017-06-25,6.79166666666667,6.375,7.25,144,0.0441433566433566,0.0175086003952654,1
"151","T1_A3",2017-06-26,6.69618055555556,6.25,7.125,144,0.0689800650738151,0.0218867135422217,1
"152","T1_A3",2017-06-27,6.66840277777778,5.75,7.125,144,0.118513864607615,0.0286882022557007,1
"153","T1_A3",2017-06-28,6.89409722222222,6,9.5,144,0.290935193278943,0.0449486739143585,1
"154","T1_A3",2017-06-29,6.71875,6.375,7,144,0.0339816433566434,0.0153617588322801,1
"155","T1_A3",2017-06-30,6.49826388888889,6.125,6.875,144,0.0576892725330225,0.0200154927030535,1
"156","T1_A3",2017-07-01,6.86111111111111,6.375,7.125,144,0.0638354700854701,0.0210547352297183,1
"157","T1_A3",2017-07-02,7.30357142857143,7,7.875,7,0.0930059523809524,0.115267361494268,1
"158","T1_A3",2017-07-03,7.34375,7.25,7.375,144,0.00295017482517483,0.00452629265236188,1
"159","T1_A3",2017-07-04,7.1484375,6.75,7.375,144,0.0286207932692308,0.01409806755602,1
"160","T1_A3",2017-07-05,7.54947916666667,7.125,8.125,144,0.101664936625874,0.026570782908043,1
"161","T1_A3",2017-07-06,8.64149305555556,7.875,10.625,144,0.710936741210179,0.0702642206449944,1
"162","T1_A3",2017-07-07,8.56510416666667,7.125,10,144,1.29151414991259,0.0947040034173944,1
"163","T1_A3",2017-07-08,7.015625,6.375,7.75,144,0.141799606643357,0.0313802404480728,1
"164","T1_A3",2017-07-09,6.88541666666667,6.5,7.25,144,0.0368225524475524,0.0159910027757696,1
"165","T1_A3",2017-07-10,6.93576388888889,6.5,7.25,144,0.04392179001554,0.0174646050818068,1
"166","T1_A3",2017-07-11,6.91840277777778,6.5,7.25,144,0.0453058226495726,0.017737637057957,1
"167","T1_A3",2017-07-12,6.92708333333333,6.625,7.25,144,0.0368225524475524,0.0159910027757696,1
"168","T1_A3",2017-07-13,6.84461805555556,6.5,7.25,144,0.0339262516996892,0.0153492335358066,1
"169","T1_A3",2017-07-14,6.80295138888889,6.375,7.25,144,0.0510445500679876,0.018827534149187,1
"170","T1_A3",2017-07-15,6.76128472222222,6.5,7.125,144,0.0360387225621601,0.0158198895913235,1
"171","T1_A3",2017-07-16,6.90451388888889,6.5,7.25,144,0.0362731886169386,0.0158712678502124,1
"172","T1_A3",2017-07-17,6.86764705882353,6.625,7.125,17,0.0341222426470588,0.0448016823785071,1
"173","T1_A3",2017-08-03,6.8671875,6.75,7.125,32,0.0130418346774194,0.0201880492784557,1
"174","T1_A3",2017-08-04,6.77430555555556,6.375,7.125,144,0.0407075563325563,0.0168134280686756,1
"175","T1_A3",2017-08-05,6.82986111111111,6.375,7.125,144,0.0294167637917638,0.0142927632698246,1
"176","T1_A3",2017-08-06,6.82291666666667,6.5,7.5,144,0.0337631118881119,0.0153122844402315,1
"177","T1_A3",2017-08-07,6.7734375,6.375,7.125,144,0.0284022618006993,0.0140441421657402,1
"178","T1_A3",2017-08-08,6.86979166666667,6.375,8.375,144,0.0994045017482517,0.0262737328889219,1
"179","T1_A3",2017-08-09,6.81684027777778,6.5,7.125,144,0.0286086526320901,0.0140950771134449,1
"180","T1_A3",2017-08-10,6.84982638888889,6.625,7.125,144,0.0197945500679876,0.0117244254976486,1
"181","T1_A3",2017-08-11,6.92534722222222,6.75,7.125,144,0.008155472999223,0.00752563812319399,1
"182","T1_A3",2017-08-12,6.96788194444444,6.75,7.125,144,0.0106526503010878,0.00860097309622572,1
"183","T1_A3",2017-08-13,6.99565972222222,6.625,7.5,144,0.0182284078768454,0.0112510517646763,1
"184","T1_A3",2017-08-14,7.01736111111111,6.875,7.125,144,0.00319298756798757,0.00470887723111268,1
"185","T1_A3",2017-08-15,7.01215277777778,6.875,7.125,144,0.00924813034188034,0.00801393332728499,1
"186","T1_A3",2017-08-16,6.9453125,6.75,7.125,80,0.00903629351265823,0.0106279663580681,1
"187","T1_A4",2017-05-21,6.71022727272727,6.125,7.125,66,0.0885380244755245,0.0366262913673515,1
"188","T1_A4",2017-05-22,6.99479166666667,6.25,7.375,144,0.0917559003496504,0.0252426970117721,1
"189","T1_A4",2017-05-23,7.08072916666667,6.625,7.375,144,0.0381269121503496,0.0162717615292972,1
"190","T1_A4",2017-05-24,7.00260416666667,6.625,7.25,144,0.0385639750874126,0.0163647603878418,1
"191","T1_A4",2017-05-25,7.08159722222222,6.625,7.25,144,0.0212673611111111,0.0121527777777778,1
"192","T1_A4",2017-05-26,7.01724137931035,6.5,8.25,145,0.0658899066091954,0.0213169685703416,1
"193","T1_A4",2017-05-27,6.921875,6.375,7.25,144,0.0644394667832168,0.0211541082796149,1
"194","T1_A4",2017-05-28,6.93142361111111,6.5,7.25,144,0.0532844976204351,0.0192361959200681,1
"195","T1_A4",2017-05-29,7.00185185185185,6.5,7.75,135,0.0398752763957988,0.0171864021175654,1
"196","T1_A4",2017-05-30,7.05121527777778,6.875,7.125,144,0.010142743541181,0.00839259906322109,1
"197","T1_A4",2017-05-31,6.96440972222222,6.75,7.25,144,0.0171903834013209,0.0109260085351043,1
"198","T1_A4",2017-06-01,6.92013888888889,6.625,7.25,144,0.0193643162393162,0.0115963105481263,1
"199","T1_A4",2017-06-02,6.87326388888889,6.5,7.125,144,0.0294987130924631,0.0143126578333032,1
"200","T1_A4",2017-06-03,6.88194444444444,6.625,7.25,144,0.0226787101787102,0.0125495435338386,1
"201","T1_A4",2017-06-04,6.93576388888889,6.75,7.125,144,0.0144200417637918,0.0100069565260983,1
"202","T1_A4",2017-06-05,6.92534722222222,6.5,7.375,144,0.0214858925796426,0.0122150557656782,1
"203","T1_A4",2017-06-06,6.96180555555556,6.5,7.25,144,0.0446411227661228,0.0176070382798176,1
"204","T1_A4",2017-06-07,6.91753472222222,6.375,7.25,144,0.0581650337509712,0.0200978567387882,1
"205","T1_A4",2017-06-08,6.90104166666667,6.5,7.25,144,0.0460828234265734,0.0178890918475193,1
"206","T1_A4",2017-06-09,7.00520833333333,6.5,7.375,144,0.0414936625874126,0.016974994392777,1
"207","T1_A4",2017-06-10,7.125,6.5,7.25,47,0.0115489130434783,0.0156755080975565,1
"208","T1_A4",2017-06-17,6.7445652173913,6.375,7,23,0.050395256916996,0.0468091671238222,1
"209","T1_A4",2017-06-18,6.83246527777778,6.25,7.25,144,0.0581650337509712,0.0200978567387882,1
"210","T1_A4",2017-06-19,6.54427083333333,5.75,7.125,144,0.147392646416084,0.0319931249576552,1
"211","T1_A4",2017-06-20,6.65798611111111,5.75,7.25,144,0.146850111693862,0.0319341892384711,1
"212","T1_A4",2017-06-21,6.76736111111111,5.75,7.125,144,0.124696484071484,0.0294269911144849,1
"213","T1_A4",2017-06-22,6.78298611111111,6.375,7.125,144,0.0482924193861694,0.0183129468823307,1
"214","T1_A4",2017-06-23,6.86197916666667,6.5,7.25,144,0.045393083479021,0.017754710540645,1
"215","T1_A4",2017-06-24,6.42881944444444,4.5,7.125,144,0.676934610528361,0.0685633633607325,1
"216","T1_A4",2017-06-25,6.85329861111111,6.5,7.125,144,0.0317591479700855,0.0148509137321967,1
"217","T1_A4",2017-06-26,6.77777777777778,6.375,7.125,144,0.053200271950272,0.0192209867849702,1
"218","T1_A4",2017-06-27,6.75173611111111,6,7.125,144,0.0952766851204351,0.0257224346956055,1
"219","T1_A4",2017-06-28,6.99479166666667,6.125,9.75,144,0.341537368881119,0.0487009987977316,1
"220","T1_A4",2017-06-29,6.83072916666667,6.5,7.125,144,0.0320080310314685,0.0149089903505934,1
"221","T1_A4",2017-06-30,6.56597222222222,6.125,7,144,0.0541836635586636,0.0193978205316888,1
"222","T1_A4",2017-07-01,6.94097222222222,6.5,7.25,144,0.0561504467754468,0.0197467379119394,1
"223","T1_A4",2017-07-02,7.375,7.125,7.5,6,0.0375,0.0790569415042095,1
"224","T1_A4",2017-07-03,7.44444444444444,7.375,7.5,144,0.00388500388500389,0.00519414994449143,1
"225","T1_A4",2017-07-04,7.2890625,6.875,7.5,144,0.0256706184440559,0.0133517108880951,1
"226","T1_A4",2017-07-05,7.68489583333333,7.25,8.25,144,0.102484429632867,0.0266776578433344,1
"227","T1_A4",2017-07-06,8.77430555555556,8,10.625,144,0.712254759129759,0.0703293225125038,1
"228","T1_A4",2017-07-07,8.65277777777778,7.125,10,144,1.39847999222999,0.0985477884719301,1
"229","T1_A4",2017-07-08,7.12239583333333,6.5,7.875,144,0.146955583479021,0.0319456551861279,1
"230","T1_A4",2017-07-09,6.98350694444444,6.625,7.375,144,0.0356745034479409,0.0157397460995204,1
"231","T1_A4",2017-07-10,7.03732638888889,6.625,7.375,144,0.043068151466589,0.0172940563542694,1
"232","T1_A4",2017-07-11,7.01736111111111,6.625,7.375,144,0.0458066239316239,0.0178354017358937,1
"233","T1_A4",2017-07-12,7.02951388888889,6.625,7.375,144,0.0343064054001554,0.0154349903268505,1
"234","T1_A4",2017-07-13,6.93663194444444,6.625,7.25,144,0.0321233670843046,0.0149358273318035,1
"235","T1_A4",2017-07-14,6.88541666666667,6.5,7.375,144,0.0494973776223776,0.0185400050982811,1
"236","T1_A4",2017-07-15,6.84982638888889,6.5,7.25,144,0.0359658787393162,0.0158038934063985,1
"237","T1_A4",2017-07-16,7.00260416666667,6.625,7.375,144,0.0315709680944056,0.0148068509139833,1
"238","T1_A4",2017-07-17,6.953125,6.75,7.25,16,0.02890625,0.0425045953397983,1
"239","T1_A4",2017-08-03,6.8515625,6.625,7.625,32,0.0367313508064516,0.0338800046148405,1
"240","T1_A4",2017-08-04,6.62152777777778,6,7.125,144,0.0812815656565657,0.02375826839354,1
"241","T1_A4",2017-08-05,6.703125,6.25,7.125,144,0.0493607954545455,0.0185144079507738,1
"242","T1_A4",2017-08-06,6.71875,6.25,7.25,144,0.039881993006993,0.0166420637173034,1
"243","T1_A4",2017-08-07,6.70920138888889,6.375,7,144,0.0283719102078477,0.014036636143363,1
"244","T1_A4",2017-08-08,6.77604166666667,6.25,7.375,144,0.052857298951049,0.0191589294076927,1
"245","T1_A4",2017-08-09,6.78645833333333,6.5,7.125,144,0.0272891171328671,0.0137661816734755,1
"246","T1_A4",2017-08-10,6.82291666666667,6.625,7.125,144,0.0210882867132867,0.0121015055058838,1
"247","T1_A4",2017-08-11,6.890625,6.75,7.125,144,0.00893247377622378,0.00787598043994796,1
"248","T1_A4",2017-08-12,6.94097222222222,6.75,7.125,144,0.00916618104118104,0.00797834788713814,1
"249","T1_A4",2017-08-13,6.96961805555556,6.5,7.125,144,0.0162252027486402,0.0106148489903427,1
"250","T1_A4",2017-08-14,7,6.875,7.125,144,0.00240384615384615,0.00408575281537883,1
"251","T1_A4",2017-08-15,6.99826388888889,6.875,7.125,144,0.0100494123931624,0.00835389645995375,1
"252","T1_A4",2017-08-16,6.940625,6.75,7.125,80,0.00869264240506329,0.0104239162536588,1
"253","T2_A1",2017-05-26,11.6197183098592,11.5,11.75,71,0.00778420523138833,0.0104707541944139,1
"254","T2_A1",2017-05-27,11.6571180555556,11.25,11.875,144,0.0257313216297591,0.0133674879293005,1
"255","T2_A1",2017-05-28,11.7309027777778,11.5,12,144,0.0153670114607615,0.0103303125493084,1
"256","T2_A1",2017-05-29,11.6953703703704,11.625,11.875,135,0.00480583195135434,0.00596646924028083,1
"257","T2_A1",2017-05-30,11.875,11.75,12.125,144,0.00808566433566434,0.00749336017921512,1
"258","T2_A1",2017-05-31,11.8524305555556,11.625,12.125,144,0.0180622329059829,0.0111996505730409,1
"259","T2_A1",2017-06-01,11.9097222222222,11.75,12.125,144,0.014520202020202,0.0100416500761281,1
"260","T2_A1",2017-06-02,11.9027777777778,11.625,12.25,144,0.0153943278943279,0.0103394900658457,1
"261","T2_A1",2017-06-03,11.9409722222222,11.75,12.25,144,0.0109144327894328,0.00870601356240839,1
"262","T2_A1",2017-06-04,11.9166666666667,11.75,12.125,144,0.017263986013986,0.0109493740352493,1
"263","T2_A1",2017-06-05,11.7907986111111,11.625,12,144,0.0082670151029526,0.00757692728642934,1
"264","T2_A1",2017-06-06,11.8298611111111,11.625,12,144,0.0182716588966589,0.011264391688666,1
"265","T2_A1",2017-06-07,11.8576388888889,11.625,12.125,144,0.0200199106449106,0.011790977790511,1
"266","T2_A1",2017-06-08,11.8836805555556,11.625,12.25,144,0.0222143308080808,0.0124203939618366,1
"267","T2_A1",2017-06-09,11.8177083333333,11,12.375,144,0.0659691870629371,0.021403722914571,1
"268","T2_A1",2017-06-10,11.8888888888889,11.875,12,45,0.00157828282828283,0.00592224212098918,1
"269","T2_A1",2017-06-17,11.7771739130435,11.625,12,23,0.0127223320158103,0.0235190320857943,1
"270","T2_A1",2017-06-18,11.7986111111111,11.5,12.125,144,0.0249368686868687,0.0131595098394418,1
"271","T2_A1",2017-06-19,11.7673611111111,11.5,12,144,0.0154307498057498,0.0103517140977788,1
"272","T2_A1",2017-06-20,11.7890625,11.625,12,144,0.00840663243006993,0.00764064080267392,1
"273","T2_A1",2017-06-21,11.7777777777778,11.625,12,144,0.00861985236985237,0.00773693000496661,1
"274","T2_A1",2017-06-22,11.7855902777778,11.5,12,144,0.0112900337509713,0.00885454754120856,1
"275","T2_A1",2017-06-23,11.796875,11.625,12,144,0.0111177884615385,0.00878674366965597,1
"276","T2_A1",2017-06-24,11.7647569444444,11.625,12,144,0.00753857687451437,0.0072354148668365,1
"277","T2_A1",2017-06-25,11.7144097222222,11.25,12.375,144,0.0224351386460761,0.0124819699539409,1
"278","T2_A1",2017-06-26,11.7734375,11.375,12.5,144,0.0537519121503496,0.0193203821833514,1
"279","T2_A1",2017-06-27,11.7048611111111,11.125,12,144,0.0466807498057498,0.0180047736350958,1
"280","T2_A1",2017-06-28,11.6979166666667,11,13.5,144,0.188701923076923,0.0361998621733222,1
"281","T2_A1",2017-06-29,11.7951388888889,11.375,12.125,144,0.0396877428127428,0.0166014856289578,1
"282","T2_A1",2017-06-30,11.7282986111111,11.25,12,144,0.0396262808372183,0.016588625796431,1
"283","T2_A1",2017-07-01,11.7595486111111,11.375,12,144,0.0308303892288267,0.0146321538127572,1
"284","T2_A1",2017-07-02,12.8928571428571,11.625,13.875,7,1.40848214285714,0.448566310252874,1
"285","T2_A1",2017-07-03,11.9244791666667,11.125,13.75,144,0.521463887674825,0.0601770471005502,1
"286","T2_A1",2017-07-04,11.3116319444444,10.75,11.625,144,0.0598768635878011,0.0203914578363849,1
"287","T2_A1",2017-07-05,11.2838541666667,10.75,11.75,144,0.068011090472028,0.0217324466958758,1
"288","T2_A1",2017-07-06,11.5494791666667,10.75,12.625,144,0.146245356206294,0.0318683659987862,1
"289","T2_A1",2017-07-07,11.5850694444444,11.125,12,144,0.0510604846542347,0.0188304726172165,1
"290","T2_A1",2017-07-08,11.5147569444444,11.25,11.75,144,0.0145315838675214,0.0100455849435355,1
"291","T2_A1",2017-07-09,11.5772569444444,11,11.875,144,0.0441425978535354,0.0175084499150361,1
"292","T2_A1",2017-07-10,11.4210069444444,10.875,11.75,144,0.0532662866647242,0.0192329084775296,1
"293","T2_A1",2017-07-11,11.3767361111111,10.875,11.625,144,0.0467626991064491,0.018020570635166,1
"294","T2_A1",2017-07-12,11.3298611111111,10.75,11.75,144,0.0643817987567988,0.0211446405668196,1
"295","T2_A1",2017-07-13,11.2239583333333,10.625,11.625,144,0.0895705856643357,0.0249402878091319,1
"296","T2_A1",2017-07-14,11.1927083333333,10.375,11.75,144,0.101371284965035,0.0265323812859237,1
"297","T2_A1",2017-07-15,11.3229166666667,10.875,11.625,144,0.0444711538461538,0.0175734873393119,1
"298","T2_A1",2017-07-16,11.3524305555556,10.875,11.625,144,0.0508419531857032,0.0187901335637925,1
"299","T2_A1",2017-07-17,11.4666666666667,11.25,11.625,15,0.00997023809523809,0.0257814378901282,1
"300","T2_A1",2017-07-30,11.9891304347826,11.75,12.25,23,0.0226037549407115,0.0313491938324413,1
"301","T2_A1",2017-07-31,11.5598958333333,10.875,12,144,0.0766977163461538,0.0230786271294812,1
"302","T2_A1",2017-08-01,11.359375,10.875,11.75,144,0.0598503059440559,0.0203869351451242,1
"303","T2_A1",2017-08-02,11.5850694444444,11.125,11.75,144,0.0300814636752137,0.0144533405585039,1
"304","T2_A1",2017-08-03,11.5798611111111,11,11.75,144,0.0401248057498058,0.0166926476142537,1
"305","T2_A1",2017-08-04,11.5564236111111,11.125,11.75,144,0.0320869451728827,0.0149273577080814,1
"306","T2_A1",2017-08-05,11.5069444444444,11,11.875,144,0.0521804584304584,0.0190358686341328,1
"307","T2_A1",2017-08-06,11.4609375,10.875,11.875,144,0.0796478911713287,0.0235182983091135,1
"308","T2_A1",2017-08-07,11.5390625,11,11.875,144,0.0623839051573427,0.0208139751991939,1
"309","T2_A1",2017-08-08,11.5659722222222,10.875,12,144,0.0659843628593629,0.0214061846688967,1
"310","T2_A1",2017-08-09,11.5546875,11,11.875,144,0.0432077687937063,0.0173220654067664,1
"311","T2_A1",2017-08-10,11.4913194444444,11.125,11.875,144,0.0355447503885004,0.0157110962177878,1
"312","T2_A1",2017-08-11,11.5338541666667,11,11.75,144,0.0396019995629371,0.0165835426207349,1
"313","T2_A1",2017-08-12,11.5164930555556,10.875,11.75,144,0.052938489461927,0.0191736381274175,1
"314","T2_A1",2017-08-13,11.6223958333333,11.5,11.75,144,0.00206921984265734,0.00379072318175253,1
"315","T2_A1",2017-08-14,11.625,11.625,11.625,6,0,0,1
"316","T2_A2",2017-05-26,11.705985915493,11.5,11.875,71,0.00674044265593561,0.00974350101634064,1
"317","T2_A2",2017-05-27,11.6961805555556,11.25,12,144,0.0270220231157731,0.0136986473165776,1
"318","T2_A2",2017-05-28,11.7907986111111,11.5,12,144,0.0146044276903652,0.0100707316883455,1
"319","T2_A2",2017-05-29,11.7253649635036,11.375,11.875,137,0.00639692464577072,0.00683321890664009,1
"320","T2_A2",2017-05-30,11.6501736111111,11.5,11.875,144,0.00537147314491064,0.00610752788283912,1
"321","T2_A2",2017-05-31,11.6493055555556,11.375,12,144,0.0212582556332556,0.0121501759341559,1
"322","T2_A2",2017-06-01,11.7248263888889,11.5,12,144,0.0280987458721834,0.013968900445917,1
"323","T2_A2",2017-06-02,11.8168402777778,11.5,12.25,144,0.0421576036810412,0.0171102640737628,1
"324","T2_A2",2017-06-03,11.8567708333333,11.375,12.125,144,0.0469774366258741,0.0180618990914796,1
"325","T2_A2",2017-06-04,11.6666666666667,11.375,11.875,144,0.0201048951048951,0.0118159776200417,1
"326","T2_A2",2017-06-05,11.5512152777778,11.375,11.875,144,0.0142948414432789,0.00996341970635548,1
"327","T2_A2",2017-06-06,11.6788194444444,11.5,11.875,144,0.00888391122766123,0.00785454186887241,1
"328","T2_A2",2017-06-07,11.6892361111111,11.5,11.875,144,0.00961234945609946,0.00817021583426463,1
"329","T2_A2",2017-06-08,11.6822916666667,11.5,12,144,0.0157069493006993,0.01044394737685,1
"330","T2_A2",2017-06-09,11.6631944444444,10.875,12.125,144,0.0463893745143745,0.0179484939236584,1
"331","T2_A2",2017-06-10,11.593085106383,10.125,11.625,47,0.0478723404255319,0.0319148936170213,1
"332","T2_A2",2017-06-17,11.445652173913,11.25,11.625,23,0.0182188735177866,0.0281447141672453,1
"333","T2_A2",2017-06-18,11.4947916666667,11.125,11.75,144,0.0272891171328671,0.0137661816734755,1
"334","T2_A2",2017-06-19,11.4644097222222,11.125,11.625,144,0.0195942295551671,0.0116649491459478,1
"335","T2_A2",2017-06-20,11.5130208333333,11.25,11.625,144,0.0091168597027972,0.00795685400858087,1
"336","T2_A2",2017-06-21,11.5078125,11.25,11.625,144,0.0129411604020979,0.00947993509782705,1
"337","T2_A2",2017-06-22,11.4835069444444,11.25,11.625,144,0.0151325454059829,0.010251200947932,1
"338","T2_A2",2017-06-23,11.5138888888889,11.25,11.75,144,0.0129176379176379,0.00947131558298453,1
"339","T2_A2",2017-06-24,11.4982638888889,11.25,11.625,144,0.0117976641414141,0.00905142105993666,1
"340","T2_A2",2017-06-25,11.4817708333333,11,12.125,144,0.0308061079545455,0.0146263907113101,1
"341","T2_A2",2017-06-26,11.5,11.125,12.25,144,0.0703671328671329,0.0221056699719924,1
"342","T2_A2",2017-06-27,11.4036458333333,10.75,11.75,144,0.0587235030594406,0.0201941106409628,1
"343","T2_A2",2017-06-28,11.3802083333333,10.625,13.375,144,0.196869536713287,0.0369749856052566,1
"344","T2_A2",2017-06-29,11.484375,11,11.875,144,0.0532943618881119,0.0192379763835522,1
"345","T2_A2",2017-06-30,11.4053819444444,10.875,11.75,144,0.0527199579933955,0.0191340225618812,1
"346","T2_A2",2017-07-01,11.4340277777778,11,11.75,144,0.0430385586635587,0.0172881138244762,1
"347","T2_A2",2017-07-02,13.1875,11.375,14.75,8,2.29464285714286,0.535565455516744,1
"348","T2_A2",2017-07-03,12.2421875,11.375,14,144,0.533920181381119,0.0608915350222745,1
"349","T2_A2",2017-07-04,11.6015625,11,11.875,144,0.0668638002622378,0.0215483629602237,1
"350","T2_A2",2017-07-05,11.5737847222222,11,12,144,0.0739539323523699,0.0226620602476746,1
"351","T2_A2",2017-07-06,11.7864583333333,11,12.625,144,0.120383522727273,0.0289136072741894,1
"352","T2_A2",2017-07-07,11.8663194444444,11.375,12.25,144,0.0549940510878011,0.0195423420437309,1
"353","T2_A2",2017-07-08,11.8550347222222,11.625,12.125,144,0.0132568169677545,0.00959485429502394,1
"354","T2_A2",2017-07-09,11.8324652777778,11.25,12,144,0.0347821666181041,0.0155416480379924,1
"355","T2_A2",2017-07-10,11.7265625,11.125,12,144,0.0568113527097902,0.0198626101685271,1
"356","T2_A2",2017-07-11,11.6675347222222,11.125,12,144,0.0502979008838384,0.018689327926921,1
"357","T2_A2",2017-07-12,11.6180555555556,11,12,144,0.072503885003885,0.0224387878775986,1
"358","T2_A2",2017-07-13,11.4817708333333,10.75,12,144,0.114940723339161,0.0282524241018901,1
"359","T2_A2",2017-07-14,11.4548611111111,10.625,12,144,0.117922008547009,0.0286164784194702,1
"360","T2_A2",2017-07-15,11.5685763888889,11,11.875,144,0.0539400920260295,0.0193541719637649,1
"361","T2_A2",2017-07-16,11.6024305555556,11.125,12,144,0.0617685266122766,0.0207110622970948,1
"362","T2_A2",2017-07-17,11.7333333333333,11.5,11.875,15,0.0130952380952381,0.0295468420142639,1
"363","T2_A2",2017-07-30,12.0681818181818,11.875,12.25,22,0.0219155844155844,0.0315620488558824,1
"364","T2_A2",2017-07-31,11.6614583333333,10.875,12.125,144,0.0845443618881119,0.0242304276524992,1
"365","T2_A2",2017-08-01,11.4574652777778,10.875,11.875,144,0.0616615372474747,0.0206931176910134,1
"366","T2_A2",2017-08-02,11.7039930555556,11.25,11.875,144,0.03032048246892,0.0145106480225442,1
"367","T2_A2",2017-08-03,11.7013888888889,11.125,11.875,144,0.0369560994560995,0.0160199743931208,1
"368","T2_A2",2017-08-04,11.6814236111111,11.25,11.875,144,0.0283719102078477,0.014036636143363,1
"369","T2_A2",2017-08-05,11.6310763888889,11.125,12,144,0.0479304766414141,0.0182441917396207,1
"370","T2_A2",2017-08-06,11.5998263888889,11.125,12,144,0.0711494451728827,0.0222282111123709,1
"371","T2_A2",2017-08-07,11.6284722222222,11,12,144,0.0642361111111111,0.0211207032302022,1
"372","T2_A2",2017-08-08,11.6944444444444,11.125,12.375,144,0.0681332556332556,0.0217519564307277,1
"373","T2_A2",2017-08-09,11.6727430555556,11.125,12,144,0.0413016887626263,0.0169356807679465,1
"374","T2_A2",2017-08-10,11.6015625,11.25,11.875,144,0.0323358282342657,0.0149851380620252,1
"375","T2_A2",2017-08-11,11.6553819444444,11.125,11.875,144,0.0404821957556333,0.0167668231759663,1
"376","T2_A2",2017-08-12,11.6267361111111,11,11.875,144,0.0511333284770785,0.0188438997786711,1
"377","T2_A2",2017-08-13,11.7248263888889,11.625,11.75,144,0.00253056405400155,0.0041920593371423,1
"378","T2_A2",2017-08-14,11.75,11.75,11.75,5,0,0,1
"379","T2_A3",2017-05-26,12.054347826087,12,12.125,69,0.00389625959079284,0.00751448802656212,1
"380","T2_A3",2017-05-27,12.0460069444444,11.5,12.25,144,0.0281351677836053,0.0139779508372426,1
"381","T2_A3",2017-05-28,12.1302083333333,11.75,12.375,144,0.0150513548951049,0.0102236636233139,1
"382","T2_A3",2017-05-29,12.0592592592593,11.5,12.125,135,0.0237475815367606,0.0132630317568576,1
"383","T2_A3",2017-05-30,11.6684027777778,11.5,11.875,144,0.0142743541181041,0.00995627737427503,1
"384","T2_A3",2017-05-31,11.7387152777778,11.375,12,144,0.0203044568278943,0.0118744756690952,1
"385","T2_A3",2017-06-01,11.7647569444444,11.5,12,144,0.0182466188325563,0.0112566705016022,1
"386","T2_A3",2017-06-02,11.734375,11.5,12,144,0.0157069493006993,0.01044394737685,1
"387","T2_A3",2017-06-03,11.7994791666667,11.625,12,144,0.00900759396853147,0.00790902875785514,1
"388","T2_A3",2017-06-04,11.7690972222222,11.625,12,144,0.00968519327894328,0.00820111496440138,1
"389","T2_A3",2017-06-05,11.7239583333333,11.375,11.875,144,0.0130845716783217,0.00953231771918331,1
"390","T2_A3",2017-06-06,11.7699652777778,11.5,11.875,144,0.0117270966880342,0.0090243100259622,1
"391","T2_A3",2017-06-07,11.7491319444444,11.375,11.875,144,0.013875989461927,0.00981636582091602,1
"392","T2_A3",2017-06-08,11.7265625,11.375,12,144,0.0144162478146853,0.0100056400118346,1
"393","T2_A3",2017-06-09,11.7864583333333,10.75,12.25,144,0.0465198863636364,0.0179737243334302,1
"394","T2_A3",2017-06-10,11.7527777777778,11.75,11.875,45,0.000347222222222222,0.00277777777777778,1
"395","T2_A3",2017-06-17,11.9130434782609,11.625,12.125,23,0.0219244071146245,0.0308745055335336,1
"396","T2_A3",2017-06-18,11.9626736111111,11.5,12.25,144,0.0384789906274281,0.0163467187132609,1
"397","T2_A3",2017-06-19,11.921875,11.5,12.125,144,0.0312226835664336,0.0147249513219422,1
"398","T2_A3",2017-06-20,11.9913194444444,11.75,12.125,144,0.0156583867521368,0.010427789645454,1
"399","T2_A3",2017-06-21,11.9748263888889,11.625,12.25,144,0.0180462983197358,0.0111947092909676,1
"400","T2_A3",2017-06-22,11.9539930555556,11.625,12.125,144,0.0220162866647242,0.012364905160014,1
"401","T2_A3",2017-06-23,12,11.75,12.25,144,0.0150786713286713,0.0102329367895045,1
"402","T2_A3",2017-06-24,11.9947916666667,11.625,12.25,144,0.0161440122377622,0.0105882574626598,1
"403","T2_A3",2017-06-25,11.9704861111111,11.375,12.75,144,0.0432661956099456,0.0173337731534635,1
"404","T2_A3",2017-06-26,11.9479166666667,11.5,12.875,144,0.0859921328671329,0.0244370126929437,1
"405","T2_A3",2017-06-27,11.8567708333333,11.25,12.125,144,0.0635858282342657,0.0210135254449806,1
"406","T2_A3",2017-06-28,11.7463768115942,11,12.5,138,0.121337141648154,0.0296522284090809,1
"407","T2_A3",2017-06-29,11.9383680555556,11.375,12.25,144,0.0622807097416472,0.0207967528417645,1
"408","T2_A3",2017-06-30,11.8524305555556,11.25,12.25,144,0.0606758692696193,0.0205270602683688,1
"409","T2_A3",2017-07-01,11.8949652777778,11.5,12.125,144,0.0473477260586636,0.0181329438642809,1
"410","T2_A3",2017-07-02,11.7916666666667,11.75,11.875,3,0.00520833333333333,0.0416666666666667,1
"411","T2_A3",2017-07-03,12.0651785714286,11.25,13.75,140,0.473351586587873,0.0581470786999824,1
"412","T2_A3",2017-07-04,11.4626736111111,10.875,11.75,144,0.0719143053127428,0.0223473689280228,1
"413","T2_A3",2017-07-05,11.4270833333333,10.75,11.875,144,0.0796547202797203,0.0235193065314494,1
"414","T2_A3",2017-07-06,11.6701388888889,10.875,12.5,144,0.132782148407148,0.0303660707505502,1
"415","T2_A3",2017-07-07,11.7248263888889,11.125,12.125,144,0.0617525920260295,0.0207083906816828,1
"416","T2_A3",2017-07-08,11.4982638888889,11,11.75,144,0.0474182935120435,0.0181464515799852,1
"417","T2_A3",2017-07-09,11.5078125,11,11.875,144,0.0564289226398601,0.0197956439231555,1
"418","T2_A3",2017-07-10,11.5755208333333,10.875,11.875,144,0.0732558457167832,0.0225548476122317,1
"419","T2_A3",2017-07-11,11.5295138888889,11,11.875,144,0.0574707410644911,0.0199775466087158,1
"420","T2_A3",2017-07-12,11.4756944444444,10.75,11.875,144,0.0813544094794095,0.0237689119847826,1
"421","T2_A3",2017-07-13,11.3046875,10.5,11.875,144,0.135865111451049,0.0307165707462611,1
"422","T2_A3",2017-07-14,11.2890625,10.375,11.875,144,0.137777261800699,0.0309319663177535,1
"423","T2_A3",2017-07-15,11.4166666666667,10.875,11.75,144,0.0596590909090909,0.0203543421024666,1
"424","T2_A3",2017-07-16,11.4513888888889,11,11.75,144,0.0660207847707848,0.0214120917245219,1
"425","T2_A3",2017-07-17,11.609375,11.375,11.75,16,0.0122395833333333,0.0276581625986495,1
"426","T2_A3",2017-07-30,11.9130434782609,11.75,12.125,23,0.02050395256917,0.0298575986753718,1
"427","T2_A3",2017-07-31,11.4722222222222,10.625,11.875,144,0.100184537684538,0.0263766176023883,1
"428","T2_A3",2017-08-01,11.2847222222222,10.625,11.75,144,0.080735236985237,0.0236782889574613,1
"429","T2_A3",2017-08-02,11.5529513888889,11,11.75,144,0.0401179766414141,0.0166912270372738,1
"430","T2_A3",2017-08-03,11.5538194444444,11,11.75,144,0.0462527923465423,0.0179220519709934,1
"431","T2_A3",2017-08-04,11.5017361111111,11,11.75,144,0.0395511606449106,0.0165728946720807,1
"432","T2_A3",2017-08-05,11.4626736111111,10.875,11.875,144,0.0644842353826729,0.0211614552939407,1
"433","T2_A3",2017-08-06,11.4383680555556,10.875,11.875,144,0.0808558845668221,0.0236959743074791,1
"434","T2_A3",2017-08-07,11.4696180555556,10.875,11.875,144,0.0649577202311577,0.0212390037285895,1
"435","T2_A3",2017-08-08,11.5355902777778,11,12.25,144,0.0707305931915307,0.0221626865461114,1
"436","T2_A3",2017-08-09,11.5147569444444,11,11.75,144,0.0431592062451437,0.0173123282673279,1
"437","T2_A3",2017-08-10,11.4583333333333,11,11.75,144,0.0354020979020979,0.015679537687633,1
"438","T2_A3",2017-08-11,11.5,10.875,11.75,144,0.0463286713286713,0.0179367467570595,1
"439","T2_A3",2017-08-12,11.4878472222222,10.875,11.75,144,0.0564509275446775,0.0197995032809253,1
"440","T2_A3",2017-08-13,11.5989583333333,11.5,11.625,144,0.00259506118881119,0.00424514525730666,1
"441","T2_A3",2017-08-14,11.625,11.625,11.625,6,0,0,1
"442","T2_A4",2017-05-26,11.3785714285714,11.25,11.5,70,0.00542184265010352,0.00880084626621093,1
"443","T2_A4",2017-05-27,11.3776041666667,10.625,11.625,144,0.0654433457167832,0.0213182475496644,1
"444","T2_A4",2017-05-28,11.4557291666667,10.875,11.625,144,0.0237038352272727,0.0128300415765523,1
"445","T2_A4",2017-05-29,11.353102189781,11,11.75,137,0.0321456365392872,0.0153179529562053,1
"446","T2_A4",2017-05-30,11.6076388888889,11.375,11.875,144,0.0110601204351204,0.00876392559932811,1
"447","T2_A4",2017-05-31,11.5868055555556,11.25,11.875,144,0.032621891996892,0.015051276246388,1
"448","T2_A4",2017-06-01,11.6232638888889,11.375,11.875,144,0.0209759858197358,0.0120692405806086,1
"449","T2_A4",2017-06-02,11.5390625,11.125,11.875,144,0.0326636254370629,0.0150609007765746,1
"450","T2_A4",2017-06-03,11.546875,11.25,11.875,144,0.0205146416083916,0.0119357776850595,1
"451","T2_A4",2017-06-04,11.6189236111111,11.375,11.75,144,0.0131839731449106,0.00956845698437734,1
"452","T2_A4",2017-06-05,11.6085069444444,11.125,11.75,144,0.0195031747766123,0.0116378139582343,1
"453","T2_A4",2017-06-06,11.6788194444444,11.25,11.875,144,0.0215587364024864,0.0122357446540654,1
"454","T2_A4",2017-06-07,11.65625,11.125,11.875,144,0.0280812937062937,0.0139645617214248,1
"455","T2_A4",2017-06-08,11.6458333333333,11.125,11.875,144,0.0336538461538462,0.0152874872021946,1
"456","T2_A4",2017-06-09,11.7204861111111,10.5,12.125,144,0.0515703914141414,0.0189242626845476,1
"457","T2_A4",2017-06-10,11.7635869565217,11.75,11.875,46,0.00154740338164251,0.00579993137448628,1
"458","T2_A4",2017-06-17,11.59375,11.25,11.875,24,0.0370244565217391,0.0392770376735033,1
"459","T2_A4",2017-06-18,11.6397569444444,11.125,12,144,0.0691644510003885,0.0219159459641307,1
"460","T2_A4",2017-06-19,11.6015625,11,11.875,144,0.0587781359265734,0.020203502159034,1
"461","T2_A4",2017-06-20,11.7152777777778,11.375,11.875,144,0.0267579642579643,0.0136315514977519,1
"462","T2_A4",2017-06-21,11.6779513888889,11.25,12,144,0.0333435011169386,0.0152168357778433,1
"463","T2_A4",2017-06-22,11.65625,11.125,11.875,144,0.0411931818181818,0.0169134196017914,1
"464","T2_A4",2017-06-23,11.7152777777778,11.25,11.875,144,0.0330953768453768,0.0151601123304108,1
"465","T2_A4",2017-06-24,11.7170138888889,11.25,12,144,0.0329952165889666,0.0151371545719296,1
"466","T2_A4",2017-06-25,11.7118055555556,11,12.625,144,0.070864898989899,0.0221837182207249,1
"467","T2_A4",2017-06-26,11.6284722222222,11,12.625,144,0.123676670551671,0.0293064117168911,1
"468","T2_A4",2017-06-27,11.5260416666667,10.75,11.875,144,0.106178977272727,0.02715426317981,1
"469","T2_A4",2017-06-28,11.4010416666667,10.375,12.875,144,0.216974431818182,0.0388170953012492,1
"470","T2_A4",2017-06-29,11.6388888888889,10.875,12,144,0.0863442113442113,0.0244869879482807,1
"471","T2_A4",2017-06-30,11.5208333333333,10.75,12,144,0.0965909090909091,0.0258992316878359,1
"472","T2_A4",2017-07-01,11.6076388888889,11,11.875,144,0.0672227078477078,0.021606118579086,1
"473","T2_A4",2017-07-02,11.5,11.5,11.5,2,0,0,1
"474","T2_A4",2017-07-03,12.027972027972,11.125,13.75,143,0.486888111888112,0.0583507666723029,1
"475","T2_A4",2017-07-04,11.4036458333333,10.75,11.75,144,0.106800426136364,0.0272336120620635,1
"476","T2_A4",2017-07-05,11.3697916666667,10.625,11.875,144,0.114483173076923,0.0281961351120399,1
"477","T2_A4",2017-07-06,11.6041666666667,10.75,12.25,144,0.119973776223776,0.0288643590570832,1
"478","T2_A4",2017-07-07,11.6710069444444,11,12.125,144,0.0871386642871018,0.024599382372427,1
"479","T2_A4",2017-07-08,11.4348958333333,10.875,11.75,144,0.0638043597027972,0.0210496040644337,1
"480","T2_A4",2017-07-09,11.4756944444444,10.75,11.875,144,0.0785135003885004,0.0233502171635899,1
"481","T2_A4",2017-07-10,11.5572916666667,10.875,11.875,144,0.0878223339160839,0.0246956943385217,1
"482","T2_A4",2017-07-11,11.5095486111111,10.875,11.875,144,0.0721328367812743,0.0223812974969669,1
"483","T2_A4",2017-07-12,11.4210069444444,10.625,11.875,144,0.116203349601787,0.0284071770080726,1
"484","T2_A4",2017-07-13,11.2569444444444,10.375,11.875,144,0.17586926961927,0.0349473085137617,1
"485","T2_A4",2017-07-14,11.2309027777778,10.25,12,144,0.185384493978244,0.035880249710577,1
"486","T2_A4",2017-07-15,11.3671875,10.625,11.75,144,0.0878974541083916,0.0247062540030623,1
"487","T2_A4",2017-07-16,11.4045138888889,10.75,11.875,144,0.101614097707848,0.0265641385387236,1
"488","T2_A4",2017-07-17,11.609375,11.375,11.75,16,0.01640625,0.0320217211436237,1
"489","T2_A4",2017-07-30,11.6467391304348,11.5,11.875,23,0.0208127470355731,0.0300815898021517,1
"490","T2_A4",2017-07-31,11.2109375,10.125,11.625,144,0.153511527534965,0.0326504559623349,1
"491","T2_A4",2017-08-01,11.0086805555556,10.25,11.5,144,0.114653141996892,0.0282170582268673,1
"492","T2_A4",2017-08-02,11.3411458333333,10.625,11.625,144,0.0712890625,0.0222500097534311,1
"493","T2_A4",2017-08-03,11.3463541666667,10.625,11.625,144,0.079921055506993,0.0235585935469347,1
"494","T2_A4",2017-08-04,11.2638888888889,10.75,11.625,144,0.0618686868686869,0.0207278474234621,1
"495","T2_A4",2017-08-05,11.1892361111111,10.375,11.625,144,0.110792419386169,0.0277379127061292,1
"496","T2_A4",2017-08-06,11.1501736111111,10.5,11.625,144,0.130590004613442,0.0301143658747414,1
"497","T2_A4",2017-08-07,11.2230902777778,10.5,11.625,144,0.11148671207265,0.0278246882872439,1
"498","T2_A4",2017-08-08,11.2456597222222,10.375,11.625,144,0.125745890394328,0.0295505558316694,1
"499","T2_A4",2017-08-09,11.2447916666667,10.5,11.625,144,0.0845443618881119,0.0242304276524992,1
"500","T2_A4",2017-08-10,11.2239583333333,10.625,11.625,144,0.069684222027972,0.0219981410243589,1
"501","T2_A4",2017-08-11,11.2326388888889,10.5,11.625,144,0.0685338966588967,0.0218158162329307,1
"502","T2_A4",2017-08-12,11.3376736111111,10.5,11.625,144,0.10578668293512,0.0271040539883797,1
"503","T2_A4",2017-08-13,11.5286458333333,11.375,11.625,144,0.00321651005244755,0.00472619036478844,1
"504","T2_A4",2017-08-14,11.625,11.625,11.625,5,0,0,1
"505","T3_A1",2017-05-19,15.2517006802721,15.125,15.375,147,0.00470599198583543,0.0056580518665041,1
"506","T3_A1",2017-05-20,14.9071428571429,12.625,17,280,0.572999871991807,0.0452374636143148,1
"507","T3_A1",2017-05-21,16.2769784172662,15,19.375,139,0.617246963298926,0.0666380194426881,1
"508","T3_A1",2017-05-22,15.5673076923077,15.375,15.75,13,0.0120192307692308,0.0304065159631575,1
"509","T3_A1",2017-05-23,15.6807851239669,14.875,15.875,121,0.0450391701101928,0.0192931217371692,1
"510","T3_A1",2017-05-24,15.6111111111111,15.375,15.75,144,0.0131361693861694,0.00955109410041934,1
"511","T3_A1",2017-05-25,15.5164930555556,14.75,16.25,144,0.0782881398115773,0.023316681530192,1
"512","T3_A1",2017-05-26,15.4401408450704,15.125,15.75,142,0.0482531715113375,0.0184339650368891,1
"513","T3_A1",2017-05-27,15.71875,15.125,16,144,0.043597027972028,0.0173999177783873,1
"514","T3_A1",2017-05-28,15.7578125,15.625,16,144,0.0216824191433566,0.0122707927682851,1
"515","T3_A1",2017-05-29,15.6551094890511,15.25,15.875,137,0.0559571570416488,0.0202100569460816,1
"516","T3_A1",2017-05-30,15.6154513888889,15.5,15.75,144,0.0122552144036519,0.0092252726561829,1
"517","T3_A1",2017-05-31,15.5737847222222,15.25,15.75,144,0.0140763099747475,0.0098869688278265,1
"518","T3_A1",2017-06-01,15.5694444444444,15.375,15.875,144,0.0178710178710179,0.0111402105353067,1
"519","T3_A1",2017-06-02,15.5824652777778,15.375,15.875,144,0.0181737750097125,0.0112341786927564,1
"520","T3_A1",2017-06-03,15.4991319444444,15.125,15.75,144,0.0219616537975913,0.0123495540286075,1
"521","T3_A1",2017-06-04,15.3550347222222,15.25,15.5,144,0.00866765612859363,0.00775835397803986,1
"522","T3_A1",2017-06-05,15.3480902777778,15.25,15.5,144,0.00615454424048174,0.00653757528131807,1
"523","T3_A1",2017-06-06,15.4930555555556,15.375,15.75,144,0.00694444444444444,0.00694444444444444,1
"524","T3_A1",2017-06-07,15.4956597222222,15.375,15.75,144,0.0048979882964258,0.00583213576780137,1
"525","T3_A1",2017-06-08,15.5520833333333,15.375,15.75,144,0.00710227272727273,0.0070229152339921,1
"526","T3_A1",2017-06-09,15.490671641791,13,15.875,134,0.0941322522724722,0.0265043297325303,1
"527","T3_A1",2017-06-10,15.8885869565217,15.75,16,46,0.00363073671497585,0.00888420277915886,1
"528","T3_A1",2017-06-17,15.5833333333333,15.5,15.625,24,0.0036231884057971,0.0122868296795748,1
"529","T3_A1",2017-06-18,15.609375,15.125,15.875,144,0.0266335227272727,0.0135998168715389,1
"530","T3_A1",2017-06-19,15.2664930555556,13.125,16.25,144,0.91198569225913,0.0795816183174339,1
"531","T3_A1",2017-06-20,15.7005208333333,15.125,17.25,144,0.106909691870629,0.027247539627795,1
"532","T3_A1",2017-06-21,17.9079861111111,15.625,20.75,144,2.04282913267288,0.119106311425295,1
"533","T3_A1",2017-06-22,15.5512152777778,14.75,17.125,144,0.120938198086636,0.0289801414389899,1
"534","T3_A1",2017-06-23,16.9800347222222,15.125,21.125,144,3.91688443934538,0.164926002753789,1
"535","T3_A1",2017-06-24,15.2456597222222,15,15.375,144,0.0136392470376845,0.00973226557987675,1
"536","T3_A1",2017-06-25,15.3072916666667,15.125,15.625,144,0.0310041520979021,0.014673329948958,1
"537","T3_A1",2017-06-26,15.5407986111111,15.375,15.75,144,0.00848554657148407,0.00767641887512772,1
"538","T3_A1",2017-06-27,15.3472222222222,15.125,15.625,144,0.0169240481740482,0.0108410383414034,1
"539","T3_A1",2017-06-28,15.5138888888889,15.125,16.25,144,0.0279963092463092,0.0139434147256144,1
"540","T3_A1",2017-06-29,15.5902777777778,15.25,15.75,144,0.0202020202020202,0.0118444842419784,1
"541","T3_A1",2017-06-30,15.546875,15.125,15.75,144,0.0181107954545455,0.0112146962900824,1
"542","T3_A1",2017-07-01,15.8793402777778,15.25,18,144,0.457476659625097,0.0563641840834808,1
"543","T3_A1",2017-07-02,16.0535714285714,15.75,16.5,7,0.145089285714286,0.143968888362474,1
"544","T3_A1",2017-07-03,15.609375,15.5,15.75,144,0.00368771853146853,0.0050605490283695,1
"545","T3_A1",2017-07-04,15.5520833333333,15.25,15.75,144,0.00863199300699301,0.0077423766300727,1
"546","T3_A1",2017-07-05,15.5842013888889,15.25,15.75,144,0.0119820500679876,0.00912187924869056,1
"547","T3_A1",2017-07-06,15.5685763888889,15.25,15.75,144,0.0135117703477078,0.00968667840519902,1
"548","T3_A1",2017-07-07,15.5529513888889,15.125,15.75,144,0.0263504941239316,0.0135273627336337,1
"549","T3_A1",2017-07-08,15.5138888888889,15.125,15.75,144,0.0284333721833722,0.0140518316776013,1
"550","T3_A1",2017-07-09,15.5763888888889,15.125,15.75,144,0.0253739316239316,0.0132743308117406,1
"551","T3_A1",2017-07-10,15.1015625,14.5,15.75,144,0.0773533107517483,0.023177052640691,1
"552","T3_A1",2017-07-11,14.7717013888889,13.75,16.875,144,0.723629777340715,0.0708886929424453,1
"553","T3_A1",2017-07-12,15.7300347222222,14.75,17.625,144,0.325975348436286,0.047578542405944,1
"554","T3_A1",2017-07-13,15.5581597222222,15.125,15.75,144,0.0323236875971251,0.0149823246780269,1
"555","T3_A1",2017-07-14,15.5190972222222,15.125,15.75,144,0.0380942841880342,0.0162647975761976,1
"556","T3_A1",2017-07-15,15.5026041666667,15,15.75,144,0.0540797093531469,0.0193792037291172,1
"557","T3_A1",2017-07-16,15.5989583333333,15,15.875,144,0.0327524038461538,0.0150813543467297,1
"558","T3_A1",2017-07-17,15.3823529411765,15,15.875,17,0.0829503676470588,0.0698529411764706,1
"559","T3_A1",2017-08-01,15.4696428571429,14.875,15.875,70,0.0735668995859213,0.0324184470382266,1
"560","T3_A1",2017-08-02,15.5251736111111,15.25,15.875,144,0.0191389556623932,0.0115286345384948,1
"561","T3_A1",2017-08-03,15.5564236111111,15.375,15.75,144,0.00673729482323232,0.0068400854969642,1
"562","T3_A1",2017-08-04,15.4513888888889,14.875,15.75,144,0.050723581973582,0.0187682470422457,1
"563","T3_A1",2017-08-05,15.46875,15,15.625,144,0.0381337412587413,0.0162732187237236,1
"564","T3_A1",2017-08-06,15.4505208333333,15,15.625,144,0.0256159855769231,0.0133374955943248,1
"565","T3_A1",2017-08-07,15.3940972222222,15,15.625,144,0.0304456827894328,0.0145405760788352,1
"566","T3_A1",2017-08-08,15.3602430555556,14.875,15.5,144,0.020868996454934,0.0120384212624661,1
"567","T3_A1",2017-08-09,15.3246527777778,15,15.5,144,0.0123075709013209,0.00924495767271457,1
"568","T3_A1",2017-08-10,15.3385416666667,15,15.5,144,0.0185478583916084,0.0113492102000072,1
"569","T3_A1",2017-08-11,15.2482638888889,14.875,15.375,144,0.00939381798756799,0.00807680921749974,1
"570","T3_A1",2017-08-12,15.4296875,15.125,15.625,144,0.0119577687937063,0.00911263195061695,1
"571","T3_A1",2017-08-13,15.4305555555556,14.875,15.5,144,0.00891122766122766,0.00786660825420919,1
"572","T3_A1",2017-08-14,15.5121527777778,15.25,15.875,144,0.0433390394327894,0.0173483587585856,1
"573","T3_A1",2017-08-15,15.7977528089888,15.625,15.875,89,0.00799205183861083,0.00947619835510476,1
"574","T3_A2",2017-05-19,15.6352739726027,15.5,15.75,146,0.005281648559282,0.00601462177227923,1
"575","T3_A2",2017-05-20,15.1684210526316,13,16.875,285,0.599395385470719,0.0458600229328991,1
"576","T3_A2",2017-05-21,16.4642857142857,15.375,19.375,140,0.38315775950668,0.052314827146168,1
"577","T3_A2",2017-05-22,15.6057692307692,15.375,15.75,13,0.0100160256410256,0.0277572244802705,1
"578","T3_A2",2017-05-23,15.5850694444444,14.625,15.875,144,0.120772023115773,0.0289602245324626,1
"579","T3_A2",2017-05-24,15.5798611111111,15.375,15.75,144,0.0167419386169386,0.0107825536222933,1
"580","T3_A2",2017-05-25,15.65625,15.5,15.875,144,0.00535402097902098,0.00609759798963504,1
"581","T3_A2",2017-05-26,15.791958041958,15,16,143,0.0138521249876884,0.00984215458661932,1
"582","T3_A2",2017-05-27,15.8671875,15.375,16.125,144,0.0376352163461538,0.0161664983552566,1
"583","T3_A2",2017-05-28,15.9157986111111,15.75,16.125,144,0.0165712109071484,0.0107274346197898,1
"584","T3_A2",2017-05-29,15.8166666666667,15.375,16.125,135,0.0559235074626866,0.0203530883019582,1
"585","T3_A2",2017-05-30,15.5104166666667,15.375,15.625,144,0.00360576923076923,0.00500400480640897,1
"586","T3_A2",2017-05-31,15.5590277777778,15.125,15.75,144,0.0152850621600622,0.0103027309486578,1
"587","T3_A2",2017-06-01,15.5859375,15.375,15.75,144,0.00993635270979021,0.00830677129657144,1
"588","T3_A2",2017-06-02,15.5581597222222,15,15.75,144,0.0242380232614608,0.0129738046070675,1
"589","T3_A2",2017-06-03,15.4965277777778,15,15.75,144,0.0316749222999223,0.014831208251316,1
"590","T3_A2",2017-06-04,15.4513888888889,15.25,15.625,144,0.0181623931623932,0.0112306602786478,1
"591","T3_A2",2017-06-05,15.4930555555556,15.25,15.75,144,0.0172154234654235,0.0109339632267179,1
"592","T3_A2",2017-06-06,15.5338541666667,15.375,15.625,144,0.00944465690559441,0.0080986353898505,1
"593","T3_A2",2017-06-07,15.5138888888889,15.125,15.625,144,0.0151029526029526,0.0102411725548534,1
"594","T3_A2",2017-06-08,15.5538194444444,15.25,15.75,144,0.0134730720668221,0.00967279693077665,1
"595","T3_A2",2017-06-09,15.5209923664122,14.875,15.75,131,0.0481136230182032,0.0191645392593835,1
"596","T3_A2",2017-06-10,15.6576086956522,15.625,15.75,46,0.00307971014492754,0.00818231144249001,1
"597","T3_A2",2017-06-17,15.375,15.375,15.375,24,0,0,1
"598","T3_A2",2017-06-18,15.4140625,14.875,15.75,144,0.0282929960664336,0.0140171016743916,1
"599","T3_A2",2017-06-19,15.1006944444444,13,16.125,144,0.94149426961927,0.0808588563494056,1
"600","T3_A2",2017-06-20,15.5694444444444,14.875,17.25,144,0.135878010878011,0.0307180288717223,1
"601","T3_A2",2017-06-21,17.8324652777778,15.375,20.75,144,2.27472971906566,0.125685059415104,1
"602","T3_A2",2017-06-22,15.4114583333333,14.5,17,144,0.134369536713287,0.0305470421273674,1
"603","T3_A2",2017-06-23,15.439606741573,14.875,17,89,0.21488365040858,0.0491367788758955,1
"604","T3_A2",2017-06-24,15.1440972222222,15,15.25,144,0.00749987859362859,0.00721681995296626,1
"605","T3_A2",2017-06-25,15.1944444444444,15,15.5,144,0.0296717171717172,0.0143545669203309,1
"606","T3_A2",2017-06-26,15.4262152777778,15.125,15.625,144,0.0125465896950272,0.00933429671182331,1
"607","T3_A2",2017-06-27,15.1970486111111,15,15.5,144,0.013020074543512,0.00950879510400475,1
"608","T3_A2",2017-06-28,15.3333333333333,14.875,16.125,144,0.0332167832167832,0.0151878933915177,1
"609","T3_A2",2017-06-29,15.4001736111111,15,15.75,144,0.0313767179001554,0.0147612287532791,1
"610","T3_A2",2017-06-30,15.3446180555556,14.875,15.5,144,0.0264961817696193,0.0135647064947614,1
"611","T3_A2",2017-07-01,15.7265625,15,18,144,0.551129534527972,0.0618650825120441,1
"612","T3_A2",2017-07-02,16.21875,16.125,16.375,8,0.0122767857142857,0.0391739481580005,1
"613","T3_A2",2017-07-03,16.0503472222222,15.875,16.125,144,0.00771841006216006,0.00732120685926245,1
"614","T3_A2",2017-07-04,15.9253472222222,15.5,16.125,144,0.0175523261460761,0.0110404326813851,1
"615","T3_A2",2017-07-05,15.9756944444444,15.5,16.125,144,0.0271586052836053,0.0137332234228018,1
"616","T3_A2",2017-07-06,15.9340277777778,15.625,16.125,144,0.0168147824397824,0.0108059854940903,1
"617","T3_A2",2017-07-07,15.9071180555556,15.5,16.125,144,0.0338169859654235,0.0153244960868356,1
"618","T3_A2",2017-07-08,15.8984375,15.5,16.125,144,0.0255613527097902,0.0133232651335169,1
"619","T3_A2",2017-07-09,15.9644097222222,15.625,16.125,144,0.0156606631216006,0.0104285475983531,1
"620","T3_A2",2017-07-10,15.4635416666667,14.875,16.125,144,0.0817034527972028,0.0238198465332895,1
"621","T3_A2",2017-07-11,15.1085069444444,14.125,17.125,144,0.696076601350039,0.0695260043951402,1
"622","T3_A2",2017-07-12,16.0885416666667,15.25,17.875,144,0.275540865384615,0.043743322139929,1
"623","T3_A2",2017-07-13,15.9479166666667,15.75,16.125,144,0.0127840909090909,0.00942222951805511,1
"624","T3_A2",2017-07-14,15.9210069444444,15.625,16.125,144,0.0167715314199689,0.0107920789560783,1
"625","T3_A2",2017-07-15,15.8732638888889,15.375,16.125,144,0.0353990627428127,0.015678865539409,1
"626","T3_A2",2017-07-16,15.9539930555556,15.5,16.25,144,0.0231089440073815,0.0126680218593527,1
"627","T3_A2",2017-07-17,15.7421875,15.5,16.125,16,0.0530598958333333,0.0575868343424374,1
"628","T3_A2",2017-08-01,15.5678571428571,15,15.875,70,0.0569228778467909,0.0285163807177536,1
"629","T3_A2",2017-08-02,15.625,15.5,15.875,144,0.0137674825174825,0.00977790966835537,1
"630","T3_A2",2017-08-03,15.6423611111111,15.5,15.75,144,0.00756361693861694,0.00724742144692057,1
"631","T3_A2",2017-08-04,15.5703125,15.125,15.75,144,0.037963013548951,0.016236749629602,1
"632","T3_A2",2017-08-05,15.5772569444444,15.125,15.75,144,0.0319048356157731,0.0148849373006025,1
"633","T3_A2",2017-08-06,15.5164930555556,15.125,15.625,144,0.0162252027486402,0.0106148489903427,1
"634","T3_A2",2017-08-07,15.5052083333333,15.125,15.75,144,0.028163243006993,0.0139849231831087,1
"635","T3_A2",2017-08-08,15.5529513888889,15.125,15.75,144,0.0162980465714841,0.0106386502418605,1
"636","T3_A2",2017-08-09,15.5390625,15.25,15.625,144,0.00818810096153846,0.00754067717336487,1
"637","T3_A2",2017-08-10,15.5434027777778,15.25,15.75,144,0.0129631653069153,0.00948799142590374,1
"638","T3_A2",2017-08-11,15.5104166666667,15.25,15.625,144,0.00753933566433566,0.00723577899531195,1
"639","T3_A2",2017-08-12,15.6614583333333,15.375,15.75,144,0.0115548513986014,0.0089577912233652,1
"640","T3_A2",2017-08-13,15.7482638888889,15.625,15.875,144,0.00218227952602953,0.0038929062319507,1
"641","T3_A2",2017-08-14,15.7239583333333,15.625,15.75,144,0.00259506118881119,0.00424514525730666,1
"642","T3_A2",2017-08-15,15.6207865168539,15.5,15.75,89,0.00122494254341164,0.0037099055734851,1
"643","T3_A3",2017-05-19,16.0684931506849,16,16.125,146,0.00389702409069438,0.00516642485928846,1
"644","T3_A3",2017-05-20,15.6153846153846,13,16.75,273,0.622896634615385,0.0477668572785442,1
"645","T3_A3",2017-05-21,16.51875,15.75,16.875,40,0.0773637820512821,0.0439783418432534,1
"646","T3_A3",2017-05-22,15.2321428571429,14.75,15.75,14,0.040521978021978,0.0537998791966103,1
"647","T3_A3",2017-05-23,15.3155594405594,14.5,15.625,143,0.0983345439771496,0.0262231606349494,1
"648","T3_A3",2017-05-24,15.390625,15.25,15.5,144,0.00915100524475524,0.00797174055856201,1
"649","T3_A3",2017-05-25,15.4565972222222,15.375,15.625,144,0.00597015831390831,0.00643889996315166,1
"650","T3_A3",2017-05-26,15.6188811188811,15.375,15.875,143,0.0115159928100069,0.00897392992238052,1
"651","T3_A3",2017-05-27,15.7439236111111,15.25,16,144,0.0247661409770785,0.013114384854754,1
"652","T3_A3",2017-05-28,15.7482638888889,15.625,15.875,144,0.0107050067987568,0.00862208356439246,1
"653","T3_A3",2017-05-29,15.4108455882353,14.625,15.875,136,0.181460205610022,0.036527608978973,1
"654","T3_A3",2017-05-30,15.4392361111111,15.25,15.625,144,0.00698997183372183,0.00696717095150627,1
"655","T3_A3",2017-05-31,15.421875,14.875,15.625,144,0.0240111451048951,0.012912941695386,1
"656","T3_A3",2017-06-01,15.3993055555556,15.125,15.625,144,0.0181988150738151,0.0112419153276845,1
"657","T3_A3",2017-06-02,15.3081597222222,14.75,15.625,144,0.0482764847999223,0.0183099253593816,1
"658","T3_A3",2017-06-03,15.3194444444444,14.75,15.625,144,0.0467171717171717,0.0180117962344534,1
"659","T3_A3",2017-06-04,15.2829861111111,15.125,15.5,144,0.0172609508547009,0.0109484114952241,1
"660","T3_A3",2017-06-05,15.3454861111111,15.125,15.625,144,0.0209759858197358,0.0120692405806086,1
"661","T3_A3",2017-06-06,15.3550347222222,15.125,15.5,144,0.0156606631216006,0.0104285475983531,1
"662","T3_A3",2017-06-07,15.3246527777778,14.875,15.5,144,0.0199561722999223,0.0117721930777817,1
"663","T3_A3",2017-06-08,15.3289930555556,15,15.5,144,0.0148047482031857,0.0101395636696562,1
"664","T3_A3",2017-06-09,15.3139312977099,14.625,15.625,131,0.0479246183206107,0.0191268601990333,1
"665","T3_A3",2017-06-10,15.4777777777778,15.375,15.5,45,0.00233585858585859,0.00720471849378137,1
"666","T3_A3",2017-06-17,15.3315217391304,15.25,15.375,23,0.00370553359683794,0.0126929175678509,1
"667","T3_A3",2017-06-18,15.3619791666667,14.875,15.625,144,0.0265993771853147,0.0135910962442417,1
"668","T3_A3",2017-06-19,15.0529513888889,13.125,16,144,0.859610983634421,0.0772626735214585,1
"669","T3_A3",2017-06-20,15.5017361111111,14.75,17,144,0.111666545260295,0.027847120495002,1
"670","T3_A3",2017-06-21,17.7864583333333,15.375,20.75,144,2.17654611013986,0.122942683973622,1
"671","T3_A3",2017-06-22,15.3559027777778,14.5,17.125,144,0.135340787684538,0.0306572435346465,1
"672","T3_A3",2017-06-23,16.8064236111111,15,21,144,4.07382645566239,0.168197685767835,1
"673","T3_A3",2017-06-24,15.0208333333333,14.875,15.125,144,0.0083041958041958,0.00759394669575883,1
"674","T3_A3",2017-06-25,15.0737847222222,14.875,15.375,144,0.0201951910936286,0.0118424821129121,1
"675","T3_A3",2017-06-26,15.325,15,15.625,95,0.0117686170212766,0.0111301473113042,1
"676","T3_A3",2017-07-03,15.3164893617021,14.5,15.5,47,0.0766651248843663,0.0403877811953088,1
"677","T3_A3",2017-07-04,15.4505208333333,15.125,15.625,144,0.0155635380244755,0.0103961591547056,1
"678","T3_A3",2017-07-05,15.5182291666667,15.125,15.75,144,0.0290578562062937,0.014205304224101,1
"679","T3_A3",2017-07-06,15.4661458333333,15,15.625,144,0.022775076486014,0.0125761780114269,1
"680","T3_A3",2017-07-07,15.4401041666667,14.875,15.625,144,0.0386732408216783,0.0163879276411865,1
"681","T3_A3",2017-07-08,15.4192708333333,15,15.625,144,0.0300412478146853,0.0144436760033888,1
"682","T3_A3",2017-07-09,15.4809027777778,15,15.625,144,0.021704424048174,0.0122770178382704,1
"683","T3_A3",2017-07-10,14.9782986111111,14.375,15.625,144,0.0809287283896659,0.0237066458669625,1
"684","T3_A3",2017-07-11,14.6449652777778,13.625,16.625,144,0.737033040743978,0.0715421903855796,1
"685","T3_A3",2017-07-12,15.6102430555556,14.75,17.5,144,0.306708157294095,0.0461510320468218,1
"686","T3_A3",2017-07-13,15.4852430555556,15.25,15.625,144,0.0175910244269619,0.0110525966113806,1
"687","T3_A3",2017-07-14,15.4513888888889,15.125,15.625,144,0.0214403651903652,0.0122021073972118,1
"688","T3_A3",2017-07-15,15.4149305555556,15,15.625,144,0.0322667783605284,0.0149691298920776,1
"689","T3_A3",2017-07-16,15.4826388888889,15,15.75,144,0.0259202602952603,0.0134164752303269,1
"690","T3_A3",2017-07-17,15.2421875,15,15.625,16,0.0530598958333333,0.0575868343424374,1
"691","T3_A3",2017-08-01,15.3339285714286,14.875,15.625,70,0.0528629658385093,0.0274806336583496,1
"692","T3_A3",2017-08-02,15.3480902777778,15.25,15.625,144,0.0116178309537685,0.0089821702067703,1
"693","T3_A3",2017-08-03,15.3185763888889,15.25,15.375,144,0.00389638573232323,0.0052017529980041,1
"694","T3_A3",2017-08-04,15.2977430555556,14.875,15.5,144,0.0183558845668221,0.011290324202738,1
"695","T3_A3",2017-08-05,15.3046875,15,15.5,144,0.0167654611013986,0.0107901257269856,1
"696","T3_A3",2017-08-06,15.2881944444444,15,15.375,144,0.00880196192696193,0.00781823097662779,1
"697","T3_A3",2017-08-07,15.2690972222222,14.875,15.5,144,0.0199561722999223,0.0117721930777817,1
"698","T3_A3",2017-08-08,15.2847222222222,14.875,15.5,144,0.0136460761460761,0.00973470172532699,1
"699","T3_A3",2017-08-09,15.2934027777778,15,15.375,144,0.00684428418803419,0.00689418242475444,1
"700","T3_A3",2017-08-10,15.2934027777778,15.125,15.5,144,0.008155472999223,0.00752563812319399,1
"701","T3_A3",2017-08-11,15.2673611111111,15.125,15.375,144,0.00428564491064491,0.00545540310065074,1
"702","T3_A3",2017-08-12,15.3394097222222,15.125,15.5,144,0.00648234144327894,0.00670941577358047,1
"703","T3_A3",2017-08-13,15.3715277777778,15,15.5,144,0.00304729992229992,0.00460019619320434,1
"704","T3_A3",2017-08-14,15.3776041666667,15.375,15.5,144,0.000320968094405594,0.0014929652038942,1
"705","T3_A3",2017-08-15,15.3623595505618,15.25,15.375,89,0.00143641470888662,0.0040173985501921,1
"706","T3_A4",2017-05-19,15.3202054794521,15.25,15.5,146,0.00430444024563061,0.00542977600236198,1
"707","T3_A4",2017-05-20,14.8608058608059,12.75,15.5,273,0.518122693789054,0.0435647256990633,1
"708","T3_A4",2017-05-21,16.2385563380282,15,19.25,142,0.645369000349615,0.0674155183554806,1
"709","T3_A4",2017-05-22,15.7403846153846,15.5,15.875,13,0.0116185897435897,0.029895445682977,1
"710","T3_A4",2017-05-23,15.5685763888889,13.25,16.125,144,0.432873658459596,0.0548276123193057,1
"711","T3_A4",2017-05-24,15.5807291666667,15.375,15.75,144,0.00884369536713287,0.00783674365796438,1
"712","T3_A4",2017-05-25,15.6953125,15.5,15.875,144,0.0091168597027972,0.00795685400858087,1
"713","T3_A4",2017-05-26,15.8216783216783,15.625,16,143,0.0100108957943465,0.00836697462026325,1
"714","T3_A4",2017-05-27,15.8125,15.375,16,144,0.0266608391608392,0.0136067893492446,1
"715","T3_A4",2017-05-28,15.8663194444444,15.75,16,144,0.0091024426961927,0.00795056020746018,1
"716","T3_A4",2017-05-29,15.7305555555556,15.25,16,135,0.0531405472636816,0.0198402037145458,1
"717","T3_A4",2017-05-30,15.3862847222222,15.25,15.625,144,0.00478872256216006,0.00576671637873567,1
"718","T3_A4",2017-05-31,15.3888888888889,15,15.625,144,0.019473581973582,0.0116289813891791,1
"719","T3_A4",2017-06-01,15.3845486111111,15.125,15.625,144,0.0262412283896659,0.0134992871184375,1
"720","T3_A4",2017-06-02,15.3940972222222,15,15.625,144,0.0260750534188034,0.0134564765021458,1
"721","T3_A4",2017-06-03,15.4496527777778,15.125,15.625,144,0.0173337946775447,0.0109714891491363,1
"722","T3_A4",2017-06-04,15.4461805555556,15.375,15.5,144,0.00385768745143745,0.00517585704888938,1
"723","T3_A4",2017-06-05,15.4461805555556,15.25,15.625,144,0.0091024426961927,0.00795056020746018,1
"724","T3_A4",2017-06-06,15.4557291666667,15.25,15.625,144,0.0086251638986014,0.0077393133751041,1
"725","T3_A4",2017-06-07,15.4427083333333,15.25,15.625,144,0.00915100524475524,0.00797174055856201,1
"726","T3_A4",2017-06-08,15.4704861111111,15.25,15.625,144,0.00851969211344211,0.00769184818919161,1
"727","T3_A4",2017-06-09,15.2899305555556,13,15.75,144,0.222389155982906,0.0392984622952372,1
"728","T3_A4",2017-06-10,15.5,15.375,15.625,46,0.000694444444444444,0.00388543670100131,1
"729","T3_A4",2017-06-17,15.6041666666667,15.5,15.625,24,0.00226449275362319,0.00971359175250327,1
"730","T3_A4",2017-06-18,15.6336805555556,15.125,15.875,144,0.0226513937451437,0.0125419833141488,1
"731","T3_A4",2017-06-19,15.3307291666667,13.375,16.25,144,0.800583205856643,0.0745627627990453,1
"732","T3_A4",2017-06-20,15.7170138888889,15.125,17.125,144,0.100958503302253,0.0264783065428429,1
"733","T3_A4",2017-06-21,17.96875,15.75,20.875,144,1.99049388111888,0.117570719885678,1
"734","T3_A4",2017-06-22,15.6137152777778,14.875,17.375,144,0.118643617667055,0.0287039023754048,1
"735","T3_A4",2017-06-23,17.0442708333333,15.25,21.125,144,3.85958670236014,0.163715257178604,1
"736","T3_A4",2017-06-24,15.296875,15,15.375,144,0.0100251311188811,0.00834379806223408,1
"737","T3_A4",2017-06-25,15.2960069444444,15.125,15.625,144,0.0156788740773116,0.010434609239513,1
"738","T3_A4",2017-06-26,15.5555555555556,15.25,15.75,144,0.0104409479409479,0.0085150797367523,1
"739","T3_A4",2017-06-27,15.3923611111111,15.125,15.75,144,0.0213310994560995,0.0121709751093247,1
"740","T3_A4",2017-06-28,15.5529513888889,15.375,16.5,144,0.0300655290889666,0.0144495119796883,1
"741","T3_A4",2017-06-29,15.5998263888889,15.25,15.75,144,0.0182648297882673,0.0112622864353494,1
"742","T3_A4",2017-06-30,15.5416666666667,15.125,15.75,144,0.017701048951049,0.0110871074247953,1
"743","T3_A4",2017-07-01,15.5863636363636,15.25,15.75,110,0.0148352793994996,0.0116131897581624,1
"744","T3_A4",2017-07-02,15.6875,15.625,15.875,4,0.015625,0.0625,1
"745","T3_A4",2017-07-03,15.5677083333333,15.375,15.625,144,0.00609156468531469,0.00650403970905064,1
"746","T3_A4",2017-07-04,15.4878472222222,15.125,15.625,144,0.00968519327894328,0.00820111496440138,1
"747","T3_A4",2017-07-05,15.5442708333333,15.125,15.75,144,0.025233555506993,0.0132375611180503,1
"748","T3_A4",2017-07-06,15.5425347222222,15.125,15.875,144,0.0210146841006216,0.0120803686307296,1
"749","T3_A4",2017-07-07,15.4869791666667,15,15.625,144,0.0272549715909091,0.0137575665016739,1
"750","T3_A4",2017-07-08,15.4956597222222,15.125,15.625,144,0.0228175687160062,0.0125879044445689,1
"751","T3_A4",2017-07-09,15.5321180555556,15.125,15.625,144,0.0152418111402486,0.0102881441813464,1
"752","T3_A4",2017-07-10,15.0329861111111,14.5,15.625,144,0.0753903214840715,0.0228810816876069,1
"753","T3_A4",2017-07-11,14.6614583333333,13.625,16.5,144,0.690750655594406,0.0692595087532313,1
"754","T3_A4",2017-07-12,15.6779513888889,14.875,17.375,144,0.263894200417638,0.0428088613958766,1
"755","T3_A4",2017-07-13,15.5355902777778,15.25,15.75,144,0.0104159078768454,0.00850486293770829,1
"756","T3_A4",2017-07-14,15.5173611111111,15.25,15.625,144,0.0147751554001554,0.0101294247533812,1
"757","T3_A4",2017-07-15,15.4930555555556,15.125,15.75,144,0.0213675213675214,0.0121813613792643,1
"758","T3_A4",2017-07-16,15.5138888888889,15.125,15.75,144,0.0212218337218337,0.0121397629832922,1
"759","T3_A4",2017-07-17,15.3203125,15.125,15.625,16,0.0353515625,0.0470050279890354,1
"760","T3_A4",2017-08-01,15.5792253521127,15.125,15.875,71,0.0362676056338028,0.0226011359660299,1
"761","T3_A4",2017-08-02,15.5434027777778,15.5,15.75,144,0.00662575271950272,0.00678322723069287,1
"762","T3_A4",2017-08-03,15.4991319444444,15.375,15.5,144,0.000108506944444444,0.000868055555555556,1
"763","T3_A4",2017-08-04,15.5008680555556,15.25,15.625,144,0.0103794859654235,0.00848998019130634,1
"764","T3_A4",2017-08-05,15.484375,15.25,15.75,144,0.0113363199300699,0.00887267963801348,1
"765","T3_A4",2017-08-06,15.4956597222222,15.375,15.625,144,0.00183854773698524,0.00357319081745616,1
"766","T3_A4",2017-08-07,15.5182291666667,15.25,15.75,144,0.00633058347902098,0.00663041365760682,1
"767","T3_A4",2017-08-08,15.4730902777778,15.25,15.625,144,0.00943251626845377,0.00809342851933565,1
"768","T3_A4",2017-08-09,15.4956597222222,15.375,15.625,144,0.0014014847999223,0.00311970084027199,1
"769","T3_A4",2017-08-10,15.4982638888889,15.375,15.625,144,0.0030564054001554,0.00460706386987191,1
"770","T3_A4",2017-08-11,15.4730902777778,15.375,15.625,144,0.0050618868978244,0.00592891156503475,1
"771","T3_A4",2017-08-12,15.4713541666667,15.375,15.625,144,0.00562035620629371,0.00624741958192302,1
"772","T3_A4",2017-08-13,15.4140625,15,15.5,144,0.00709544361888112,0.00701953802041187,1
"773","T3_A4",2017-08-14,15.3793402777778,15.375,15.5,144,0.000527358925796426,0.00191369139687547,1
"774","T3_A4",2017-08-15,15.3778409090909,15.375,15.5,88,0.000351031870428422,0.00199724773816262,1
